LOT,JUDGE,TAT_1BLACK_1PRINT,TAT_1BLACK_2RTD,TAT_2AG_1PRINT,TAT_2AG_2RTD,TAT_2AG_3EXPOSURE,TAT_3BUS_1DEVELOP,TAT_3BUS_2FIRE,TAT_4DIELEC_FIRE,TAT_5MGO,TAT_6PHOS_1R_1DISPENSER,TAT_6PHOS_1R_2DRY,TAT_6PHOS_2G_1DISPENSER,TAT_6PHOS_2G_2DRY,TAT_6PHOS_3B_1DISPENSER,TAT_6PHOS_4FIRE,TAT_8AGING
101,0.1,86.35,219.0,83.4,71.15,155.8,373.2,6969.75,6542.1,534.5,81.6,389.25,81.6,377.4,84.4,7190.6,9989.5
102,0.05,89.0,214.0,85.3,71.0,167.7,369.0,6939.3,6510.0,544.0,80.3,393.15,80.0,375.0,83.8,7131.75,9961.4
103,0.15,88.9,219.0,85.2,70.05,158.4,368.0,6958.2,6513.6,532.0,79.7,404.25,80.3,389.85,84.1,7230.95,10022.05
104,0.0,87.35,224.5,84.9,69.15,186.1,361.8,7002.75,6506.7,534.5,79.6,377.55,82.6,377.85,85.2,7278.95,9968.45
105,0.1,87.35,222.5,84.8,70.2,155.5,372.0,6944.7,6495.9,534.5,76.5,380.7,75.0,358.35,80.8,7051.5,9961.35
106,0.0,86.7,219.5,83.15,71.4,149.0,372.2,7004.85,6497.55,524.5,80.8,423.9,81.0,385.5,85.5,7127.7,9961.0
107,0.0,87.5,224.0,84.65,70.35,157.3,359.6,6998.55,6648.6,534.5,79.0,400.65,80.5,370.95,84.3,7284.45,10010.1
108,0.0,87.95,216.5,83.45,69.75,148.5,370.6,6946.35,6471.75,534.0,76.9,389.55,76.5,375.9,81.7,7159.95,10009.9
109,0.05,86.25,214.5,83.6,70.1,150.2,370.8,6949.35,6517.35,533.5,81.8,409.8,82.7,370.5,85.1,7246.35,9912.7
110,0.1,85.3,226.0,82.8,70.0,154.5,370.8,6913.05,6541.2,535.0,81.5,409.5,81.4,372.0,85.3,7175.15,10026.3
111,0.1,87.75,221.5,83.9,70.7,151.8,365.4,6908.1,6503.4,532.0,81.0,397.2,80.7,379.2,83.9,7027.2,9944.95
112,0.05,90.25,219.0,85.3,70.35,188.2,366.8,6890.1,6511.35,533.5,84.2,421.95,79.9,383.7,87.1,7019.35,9993.55
113,0.0,86.75,218.5,85.15,70.2,152.1,378.4,7028.25,6483.9,533.5,80.9,388.8,80.6,385.5,85.0,7198.55,10010.05
114,0.05,86.8,224.0,82.9,70.3,155.2,367.6,6951.0,6682.5,532.5,77.8,399.3,75.6,382.35,81.2,7117.4,10009.6
115,0.05,88.45,217.0,85.3,70.7,156.4,366.4,6927.0,6502.05,534.5,82.8,421.8,81.9,374.85,84.2,7125.0,10026.35
116,0.0,89.4,222.5,84.5,70.45,152.8,370.0,7040.1,6497.7,534.0,80.6,401.85,78.9,378.6,85.5,7265.75,9961.0
117,0.05,86.2,219.0,84.6,70.45,155.5,372.6,6936.6,6499.95,531.0,82.4,404.85,80.5,378.9,85.0,7013.5,9961.2
118,0.05,86.05,219.0,84.25,69.55,156.0,372.2,6953.7,6622.5,533.0,86.1,402.6,79.0,376.05,85.7,7182.05,9961.45
119,0.05,87.4,219.0,84.4,71.1,169.9,372.4,7030.2,6525.6,535.5,76.9,417.0,80.7,373.2,81.6,7017.25,9977.85
120,0.1,88.45,218.5,85.55,71.05,166.8,366.8,6930.75,6528.45,535.5,81.0,394.2,80.7,377.85,84.4,7171.45,9977.85
121,0.1,87.75,219.0,84.3,70.9,163.8,371.6,6914.4,6496.8,533.5,82.7,409.65,80.8,375.0,86.7,6988.25,9945.35
122,0.05,89.9,217.5,84.6,69.9,172.1,376.0,6931.5,6484.65,531.5,82.3,380.1,82.2,365.4,83.1,7125.15,9928.75
123,0.1,86.2,215.5,84.5,70.3,157.8,376.0,7114.35,6501.3,534.0,83.5,374.7,82.1,375.45,83.9,7069.5,10010.0
124,0.0,86.75,218.5,83.5,70.5,174.7,372.8,6947.4,6521.85,530.5,79.0,438.0,81.5,380.7,83.3,7011.25,9945.35
125,0.1,85.75,227.0,83.95,70.95,176.4,368.2,6999.6,6521.25,534.0,77.4,407.1,79.3,375.3,80.6,7027.35,9977.25
126,0.05,89.0,216.0,85.75,70.95,165.9,364.8,6997.05,6727.95,544.0,82.6,414.15,79.2,378.9,85.7,7076.75,9944.7
127,0.15,86.9,216.0,84.05,70.4,154.8,366.0,6931.05,6517.95,534.0,78.5,400.5,75.5,370.2,79.4,7087.0,9945.0
128,0.05,87.3,218.5,84.6,69.75,155.6,367.8,6936.9,6502.8,537.0,81.6,406.65,84.0,381.3,84.5,7003.5,9945.05
129,0.0,88.05,215.5,84.65,70.75,159.9,375.4,6942.3,6503.7,531.0,80.8,414.9,82.1,384.15,85.2,7039.75,9961.0
130,0.2,88.35,219.0,85.1,71.3,155.3,368.8,6948.9,6491.4,525.0,78.6,395.7,83.2,373.95,83.8,7078.5,9993.85
131,0.05,87.15,219.0,83.9,70.7,158.5,367.2,6926.4,6501.75,535.5,82.0,392.4,80.9,374.55,85.6,7093.7,9961.1
132,0.15,86.5,224.0,84.25,70.5,164.8,377.6,6915.15,6492.75,530.0,77.9,381.75,83.2,370.2,84.4,7061.45,9945.3
133,0.05,87.3,213.5,84.4,70.55,183.5,377.0,6991.5,6471.0,535.0,80.4,387.3,81.4,375.9,85.0,7182.05,10026.25
134,0.2,87.15,217.5,83.8,69.75,155.5,367.8,6919.05,6524.85,531.5,79.1,399.45,80.8,375.75,83.7,6977.55,10009.8
135,0.05,87.4,218.5,83.75,70.0,152.1,373.6,7023.45,6512.85,534.0,81.4,396.45,82.2,369.45,84.8,7150.5,9945.1
136,0.0,87.9,217.0,84.65,70.25,164.4,366.2,6990.0,6509.25,533.0,80.1,394.2,80.0,373.35,83.8,7011.1,9961.1
137,0.1,87.3,218.5,84.3,70.25,171.6,368.0,6980.85,6493.95,533.5,80.1,377.85,81.9,365.25,85.1,7029.8,10026.6
138,0.05,88.85,221.5,85.35,70.1,176.4,370.6,7054.05,6530.55,531.0,82.4,392.1,78.5,371.7,83.0,7117.95,9945.0
139,0.1,88.5,216.5,86.0,71.5,168.2,366.2,7013.85,6654.6,534.5,81.7,407.25,81.5,370.2,84.5,7003.5,9966.3
140,0.1,86.1,215.0,84.5,70.7,153.0,370.0,6841.05,6490.05,537.0,79.7,400.05,79.8,377.1,84.3,7077.0,9961.4
141,0.05,89.4,217.0,84.75,71.65,168.1,373.8,6905.4,6553.05,530.0,78.9,422.85,81.9,368.7,83.6,7158.55,9945.15
142,0.05,87.45,213.0,85.05,70.55,156.6,370.8,6883.35,6484.65,537.0,81.6,409.95,82.5,379.65,85.5,7079.0,9945.35
143,0.1,86.9,219.5,83.5,70.6,158.5,372.2,6940.95,6523.95,532.5,81.5,408.75,84.7,382.2,85.9,6970.3,9977.05
144,0.05,87.05,218.5,83.8,69.6,154.5,377.0,6931.2,6484.65,531.5,80.3,408.3,82.0,381.0,86.5,7105.25,9928.65
145,0.05,88.05,222.5,84.65,69.7,183.4,374.6,6996.6,6517.8,529.5,81.2,382.2,82.0,363.6,85.9,7138.2,10026.15
146,0.0,88.3,214.5,85.65,70.95,156.3,362.8,7045.65,6506.55,533.0,79.2,408.45,82.2,381.45,83.2,7317.4,9977.7
147,0.05,87.0,220.0,85.4,70.5,160.6,366.4,7057.35,6635.7,534.5,80.0,399.6,83.5,363.45,83.6,7099.65,10009.6
148,0.05,88.7,215.5,84.6,71.1,179.0,375.8,6963.0,6509.85,529.0,83.9,417.45,81.8,371.85,84.8,7120.5,9993.55
149,0.0,88.0,216.0,84.75,70.55,152.8,372.2,6986.4,6496.35,530.5,75.9,422.85,75.7,382.2,80.2,7247.45,9989.45
150,0.15,86.8,226.0,83.25,69.8,173.8,370.2,6921.0,6572.85,533.0,80.3,399.45,80.5,371.1,84.9,7438.85,10026.15
151,0.05,87.3,223.0,84.6,70.45,156.7,370.6,7176.6,6520.5,545.0,81.7,386.85,81.9,381.15,83.9,7166.5,9896.1
152,0.15,88.85,221.0,85.55,69.9,170.8,367.2,7006.5,6490.65,533.5,78.9,424.2,81.4,376.05,84.4,7126.0,9944.95
153,0.05,87.65,219.0,84.5,70.55,154.2,375.6,6940.65,6497.25,519.5,81.6,399.15,80.1,373.5,84.6,7161.55,9945.2
154,0.0,88.45,214.5,84.0,70.6,162.9,368.2,6983.55,6493.35,535.5,80.8,414.0,80.5,391.2,85.6,7056.8,10026.2
155,0.1,88.0,215.0,83.55,69.25,158.5,374.0,7033.8,6536.25,543.0,81.5,406.05,81.5,376.2,83.9,7122.05,9961.05
156,0.05,87.15,214.0,84.55,71.25,154.3,370.0,7095.75,6499.5,531.0,81.4,437.4,84.7,384.45,85.4,7126.85,9976.95
157,0.1,85.8,225.0,82.4,71.65,182.2,371.4,6988.35,6565.8,543.5,80.9,412.2,84.5,384.3,85.1,7106.9,9993.7
158,0.2,86.0,224.0,83.15,70.7,170.1,372.6,7042.95,6579.9,534.0,71.4,405.0,79.0,383.55,76.7,7034.4,9944.5
159,0.0,87.5,221.5,84.55,70.4,154.7,372.0,6947.85,6502.35,534.5,81.2,422.25,81.0,378.3,83.9,7222.3,9961.25
160,0.05,88.5,214.5,85.1,70.9,159.2,372.2,6961.05,6490.35,543.0,81.6,396.45,79.6,378.3,84.9,7053.7,9977.6
161,0.15,88.95,220.0,85.15,70.45,196.1,361.2,7016.85,6544.5,533.0,81.5,415.65,81.3,368.25,86.1,7043.25,9960.95
162,0.05,87.6,229.0,84.45,70.35,157.0,364.0,7027.95,6496.65,535.5,81.5,394.35,80.7,371.25,84.5,7207.4,10005.6
163,0.15,87.5,218.5,84.3,70.75,150.0,372.8,6860.25,6521.1,535.5,79.2,404.85,79.3,373.35,85.4,6960.3,9977.45
164,0.1,86.8,215.0,83.75,70.5,164.6,375.6,6888.9,6514.65,534.5,79.8,400.2,79.7,378.75,83.8,7086.7,10038.55
165,0.05,87.5,222.5,84.6,70.35,152.9,381.4,6959.55,6525.15,534.5,83.3,444.15,80.4,377.85,85.4,7116.3,10010.0
166,0.05,87.0,225.0,84.75,69.8,152.0,363.8,6909.6,6498.45,533.5,80.2,417.15,81.7,381.9,84.6,7082.5,10045.45
167,0.1,87.9,227.5,84.0,70.3,161.2,375.2,6903.9,6487.2,534.0,83.1,405.0,80.6,383.7,85.5,7048.5,9977.4
168,0.05,86.9,220.5,84.65,71.8,169.0,370.0,6949.95,6501.0,535.5,79.2,398.1,82.4,376.35,84.8,7069.25,10021.9
169,0.0,87.4,219.0,83.95,71.75,159.3,375.0,6936.15,6503.7,531.0,80.8,399.75,81.8,383.25,85.4,7132.2,10042.3
170,0.1,88.05,216.0,85.15,70.8,179.6,367.0,7050.9,6510.75,524.0,77.7,408.9,81.0,378.75,80.3,7155.85,9960.9
171,0.05,88.9,213.5,84.9,70.1,163.7,370.2,7000.35,6496.05,527.0,80.5,389.25,78.4,368.1,83.7,7236.4,9961.2
172,0.05,87.0,219.0,85.0,71.0,157.9,363.6,6937.2,6525.6,533.5,80.5,381.3,81.8,378.9,85.1,7155.05,9961.35
173,0.1,88.35,219.0,84.9,69.7,162.5,369.0,7042.95,6751.35,536.0,76.1,398.4,76.4,378.9,80.2,7066.25,9945.0
174,0.1,87.25,217.5,84.05,69.8,153.8,377.4,6977.55,6483.6,528.5,76.0,419.55,78.0,378.0,79.1,7159.8,9977.0
175,0.15,87.2,221.0,85.05,70.3,163.8,370.6,7010.7,6508.35,536.5,80.1,421.2,83.4,382.05,84.2,7020.95,10005.6
176,0.05,87.2,214.5,84.5,70.3,163.7,367.0,6983.55,6496.35,553.0,79.3,397.05,81.1,380.7,86.3,7233.25,9989.4
177,0.15,88.8,216.0,84.4,70.65,151.2,372.2,7008.75,6640.05,534.0,80.3,395.7,79.1,373.35,83.1,7144.05,9993.45
178,0.1,87.5,218.5,83.55,71.0,151.7,370.4,6906.3,6501.9,533.5,76.3,391.65,77.0,383.55,79.6,7065.0,9977.75
179,0.05,86.7,223.0,84.2,70.45,154.1,372.6,6973.8,6488.7,531.5,81.3,411.45,82.1,378.9,85.3,7146.0,9961.4
180,0.15,88.4,217.0,85.3,69.85,174.6,373.4,6887.4,6491.25,534.5,79.7,391.95,82.1,375.75,82.9,7141.1,9994.05
181,0.05,88.5,219.5,84.8,69.8,155.0,366.6,7030.35,6508.2,534.0,79.5,402.75,82.8,360.45,84.4,7142.7,9973.05
182,0.05,86.4,225.0,83.65,70.65,152.7,371.6,6887.55,6633.0,528.0,82.4,431.7,81.8,383.55,84.4,6965.15,9977.55
183,0.15,88.35,215.0,86.0,70.6,151.7,369.4,6920.7,6515.85,535.0,78.2,408.75,81.9,388.2,80.0,7014.05,9977.75
184,0.15,85.9,224.0,84.2,69.4,159.8,376.0,6956.85,6515.25,534.5,82.5,399.75,80.8,386.85,84.6,7254.1,9977.6
185,0.2,86.45,217.0,85.0,70.8,180.5,373.4,7023.75,6514.65,546.0,76.0,405.9,78.9,383.7,81.6,7103.05,9928.35
186,0.1,88.7,220.0,85.95,69.7,174.9,371.2,6950.85,6529.65,531.5,84.1,389.85,83.8,387.9,84.8,7163.65,10021.75
187,0.15,87.55,218.0,84.25,70.55,166.4,374.6,6936.15,6507.75,534.5,80.1,405.75,82.3,388.8,84.0,7181.3,9956.9
188,0.1,87.8,217.5,85.65,70.3,163.3,369.0,6968.85,6510.15,532.5,79.3,403.05,80.5,383.85,83.9,7125.2,9960.75
189,0.3,87.4,221.5,84.35,70.35,148.7,372.0,7078.2,6502.65,534.0,80.7,390.3,84.7,378.75,85.9,7143.3,10010.25
190,0.05,88.1,217.0,84.65,70.2,165.9,371.6,6979.5,6522.0,534.0,79.3,411.75,81.5,383.55,86.2,7097.55,9977.25
191,0.05,87.3,221.0,84.75,70.05,164.4,381.4,7009.05,6490.05,531.0,79.6,406.35,82.1,375.0,84.6,7182.8,9977.3
192,0.15,87.25,218.5,84.85,70.65,153.6,368.0,7049.4,6498.0,527.0,80.8,378.6,82.1,369.45,85.6,7013.3,9928.5
193,0.1,87.95,225.0,85.05,70.55,166.9,364.0,7004.25,6622.2,531.0,80.1,416.4,80.0,372.3,85.2,7269.15,10005.65
194,0.05,88.0,218.5,85.15,70.85,156.5,368.0,7048.5,6503.7,526.0,80.5,409.35,81.5,382.2,83.6,7066.8,9944.95
195,0.1,86.2,220.5,82.95,70.4,152.7,384.2,7027.8,6497.25,529.5,78.9,383.85,82.2,375.45,86.3,7122.0,9993.45
196,0.2,87.65,214.0,84.4,70.45,160.0,374.6,6983.4,6514.65,532.5,81.2,407.55,85.5,377.1,85.3,7036.05,9977.7
197,0.15,86.1,223.0,83.2,71.05,150.1,375.4,6913.2,6520.2,533.0,81.1,436.95,81.9,376.2,84.6,7041.3,10005.35
198,0.05,86.9,218.5,83.8,69.4,151.5,377.4,6952.05,6511.8,530.0,82.1,398.1,82.2,380.55,85.5,7222.5,9960.95
199,0.1,89.45,214.0,85.75,70.7,165.9,370.6,7018.95,6513.3,543.0,77.4,395.55,77.1,376.2,80.2,7032.5,9895.75
200,0.1,86.35,219.5,85.4,70.55,156.7,369.4,7023.75,6497.25,533.5,79.9,387.75,81.4,366.6,84.8,7340.15,9977.1
201,0.15,86.8,223.0,84.25,70.05,154.7,377.2,6842.7,6486.0,533.0,82.3,387.75,82.5,384.6,85.8,7077.0,10005.6
202,0.15,87.55,221.5,85.1,70.65,156.4,375.0,7079.7,6505.8,535.0,82.2,394.95,81.8,378.0,84.4,7219.95,9961.45
203,0.15,88.15,218.0,85.2,70.15,169.4,369.0,6934.35,6518.7,531.0,79.2,423.3,80.5,378.0,84.1,7117.25,9989.65
204,0.05,88.6,218.0,85.0,70.35,169.5,367.8,6906.75,6502.35,533.5,81.1,391.65,80.7,365.1,83.8,7078.45,9940.65
205,0.05,88.3,221.0,84.9,70.95,153.0,365.2,6888.6,6492.9,544.5,80.7,402.6,83.1,377.25,84.7,7059.05,10010.25
206,0.1,86.25,219.0,84.7,71.05,152.9,372.2,6968.1,6492.3,524.0,80.6,430.2,81.5,370.05,84.8,7020.05,9977.35
207,0.2,88.75,221.5,84.4,70.2,149.8,375.4,7009.65,6535.5,530.5,79.7,381.75,79.1,379.2,82.7,7134.65,9977.6
208,0.1,87.9,214.0,85.7,70.85,173.4,375.0,7150.2,6483.0,535.5,75.4,400.8,79.8,384.0,80.3,7061.75,9928.7
209,0.1,89.1,216.5,85.85,70.1,150.4,365.8,7016.4,6515.7,534.0,80.6,394.2,81.6,381.45,83.6,7208.0,10009.55
210,0.1,89.7,220.5,85.25,71.05,151.8,369.6,7133.1,6491.7,533.0,77.1,401.85,80.5,388.95,79.4,7174.7,9973.3
211,0.1,87.75,221.5,84.7,71.85,159.1,372.4,6865.35,6477.75,533.5,79.9,395.55,80.1,379.2,85.2,7096.25,10009.95
212,0.1,88.9,224.5,84.85,70.15,161.5,373.4,6876.75,6504.0,544.0,81.6,409.8,80.5,375.9,83.7,6989.1,10006.0
213,0.15,87.55,222.0,84.55,70.4,167.5,374.6,7118.25,6484.05,528.0,78.0,386.1,77.7,369.75,80.3,7175.75,10026.25
214,0.1,87.95,218.5,84.2,70.85,165.9,376.8,6948.75,6630.3,532.0,80.8,399.3,82.0,370.8,84.7,7001.2,10011.05
215,0.1,86.15,216.0,84.25,71.7,154.2,368.2,6994.8,6501.3,535.0,82.6,391.5,83.7,379.95,84.4,7095.2,10026.0
216,0.15,88.45,220.5,83.2,71.0,155.3,367.2,6836.4,6511.95,535.5,81.1,400.5,80.1,383.25,84.8,7009.9,9912.55
217,0.15,87.2,221.5,84.25,70.45,170.8,371.8,6940.35,6516.3,531.0,80.5,416.25,80.7,370.2,84.6,7212.4,10021.75
218,0.25,86.7,221.5,84.0,70.75,150.8,372.6,7000.5,6538.65,533.5,81.6,443.1,83.6,379.35,84.4,7172.35,9961.45
219,0.15,87.1,220.0,83.85,70.95,156.0,371.6,6981.9,6499.05,534.5,82.4,417.0,81.6,371.85,84.9,7026.45,9945.15
220,0.1,88.2,220.0,84.3,70.0,157.3,370.8,6949.35,6503.7,532.0,83.4,406.2,83.3,385.2,84.2,7259.25,10005.75
221,0.1,87.5,219.0,84.25,71.1,154.1,371.0,6866.85,6502.65,536.5,80.4,402.45,80.7,379.5,85.1,7042.25,9989.8
222,0.1,88.1,219.5,84.9,70.75,147.3,369.6,6927.6,6494.25,528.0,79.8,426.9,81.7,382.05,84.2,6992.7,9993.4
223,0.15,87.4,220.5,85.25,70.7,169.5,364.2,6942.6,6547.65,535.0,83.2,417.3,81.6,377.4,85.0,7109.7,9945.45
224,0.15,88.4,216.5,84.85,69.6,151.3,376.2,6904.95,6502.05,534.0,74.9,424.5,79.6,377.7,81.8,7135.05,9961.0
225,0.2,87.25,221.0,83.85,71.25,160.9,364.8,6944.4,6614.85,544.5,81.5,402.6,82.3,389.55,84.8,7039.3,9961.45
226,0.15,88.95,219.0,85.2,71.3,155.7,380.2,7173.9,6504.0,533.5,75.6,391.05,78.3,373.95,82.2,7240.3,9912.5
227,0.15,85.55,221.5,83.95,70.0,150.0,370.2,6995.55,6515.1,526.0,77.4,419.25,81.8,372.75,82.6,7160.95,9993.4
228,0.15,87.65,218.0,84.55,70.05,155.2,372.6,6988.35,6487.95,531.5,81.1,395.4,79.8,369.6,85.4,7248.0,9994.05
229,0.05,87.95,217.0,85.65,72.0,154.6,376.6,7042.35,6466.35,523.5,74.9,380.25,77.0,384.75,81.0,7096.75,9977.2
230,0.15,89.4,218.0,84.65,71.6,165.8,372.8,6925.95,6492.0,534.5,80.0,387.15,82.2,372.3,84.7,7164.95,10009.75
231,0.05,88.9,215.5,84.25,70.95,165.3,373.2,6940.05,6486.6,530.5,82.2,401.25,80.3,381.3,84.5,6996.25,9993.45
232,0.1,88.7,217.5,85.65,70.85,160.6,369.2,6922.95,6499.35,534.5,80.9,388.95,79.8,385.65,84.7,7035.65,9966.4
233,0.05,88.55,218.5,84.6,70.75,159.4,370.8,7006.2,6489.0,545.0,80.7,421.05,80.9,391.2,83.7,7073.25,9961.6
234,0.15,88.9,220.5,85.4,71.85,183.1,371.2,7006.8,6499.05,534.0,81.1,386.85,80.3,378.15,83.0,7084.75,9912.35
235,0.15,86.8,219.5,82.55,70.35,159.1,372.8,6916.35,6492.3,534.0,76.6,418.8,75.8,387.0,81.1,7202.65,9928.75
236,0.1,87.7,217.5,84.4,70.65,163.8,366.4,7090.2,6504.0,532.0,84.0,420.75,81.8,378.15,83.7,7224.25,9945.0
237,0.1,87.65,221.5,84.5,68.95,174.2,371.2,6968.1,6488.4,533.5,80.8,432.0,80.5,384.9,85.7,6986.75,9944.9
238,0.25,89.55,216.5,84.8,70.3,161.0,370.2,7009.05,6513.6,533.5,81.5,404.85,81.1,371.1,85.2,7245.95,9994.0
239,0.1,84.75,220.5,83.05,70.75,155.5,378.0,7044.75,6490.95,533.5,79.7,405.9,81.3,382.65,85.8,7123.15,10025.95
240,0.05,85.75,225.5,84.35,70.6,166.1,371.2,6986.7,6542.1,534.0,79.7,400.5,82.0,380.55,84.3,7025.35,9961.25
241,0.05,86.75,214.0,84.4,69.7,178.1,372.0,6967.95,6601.95,543.5,81.4,414.9,81.1,378.15,85.8,7129.8,10010.1
242,0.1,88.0,219.0,84.75,70.05,154.2,371.4,6944.4,6505.05,534.5,78.5,400.05,79.8,379.8,80.5,7172.55,9977.35
243,0.25,87.4,220.0,82.4,69.65,159.2,383.2,6881.7,6501.6,539.0,76.0,384.0,77.9,380.85,81.1,7068.8,10026.15
244,0.15,89.0,216.0,84.55,71.35,166.0,368.6,7002.15,6478.35,532.0,78.8,376.8,82.9,383.1,85.3,7056.2,10025.9
245,0.0,86.8,216.5,84.7,69.65,165.4,373.2,7098.75,6493.65,534.0,81.6,411.45,84.1,368.1,84.9,7224.25,10021.9
246,0.15,86.6,218.5,82.5,70.6,156.1,373.6,6991.5,6500.25,533.5,80.4,416.85,82.4,378.3,85.6,7129.3,9944.55
247,0.0,87.8,223.5,85.85,71.15,175.5,370.2,7006.5,6504.3,534.0,79.2,399.45,83.6,377.4,83.8,7128.85,9977.55
248,0.25,87.1,217.0,85.0,70.75,170.5,365.8,6933.3,6492.45,530.5,81.1,383.4,84.8,376.65,85.2,7027.85,9994.05
249,0.2,89.2,220.5,86.15,70.85,178.3,369.0,6877.65,6624.0,531.0,83.5,419.85,78.5,369.75,84.6,7027.3,9944.95
250,0.15,87.65,222.5,84.9,71.3,176.7,360.0,6999.0,6502.65,532.5,80.1,410.4,80.5,369.9,84.4,7252.95,10001.0
251,0.1,90.1,220.5,85.7,70.55,155.8,373.4,6972.75,6631.65,533.5,80.6,390.6,80.6,364.35,83.6,7244.75,9977.3
252,0.05,88.4,218.5,84.95,70.65,175.5,363.4,6918.9,6506.4,534.5,80.5,404.85,81.6,376.2,86.8,7027.8,9960.9
253,0.2,89.6,218.0,84.75,70.0,167.0,368.6,6939.15,6519.75,527.5,80.8,397.5,82.3,385.8,83.1,7125.5,9880.05
254,0.1,87.4,217.5,85.2,71.45,175.3,365.2,6940.35,6468.6,539.5,77.0,418.35,76.5,358.2,81.0,7188.0,9977.55
255,0.1,88.1,220.5,84.5,70.2,162.5,371.6,6908.25,6492.9,532.5,72.2,432.0,73.6,376.65,76.9,7073.55,10054.7
256,0.15,88.4,217.5,84.3,71.0,149.0,368.4,6956.1,6490.65,534.5,82.0,390.0,80.1,387.15,84.1,7147.25,9973.35
257,0.15,87.75,222.5,85.2,71.3,166.5,371.4,6861.0,6489.75,533.0,80.0,394.5,81.0,373.35,85.2,7073.95,10010.1
258,0.2,87.75,220.5,84.9,71.3,160.2,376.6,7115.25,6622.05,532.5,77.0,390.75,78.3,373.2,78.8,7116.0,9999.25
259,0.05,86.45,218.5,84.7,71.7,153.9,368.0,6953.1,6495.6,535.0,81.8,393.45,82.2,378.9,83.5,7127.3,10038.1
260,0.1,87.4,221.0,82.95,70.65,161.7,371.6,6913.2,6493.95,531.5,80.4,418.05,81.8,377.55,84.9,7115.35,10021.55
261,0.25,86.6,221.5,83.8,70.75,147.8,374.4,7011.0,6543.0,533.5,81.6,432.75,82.5,375.0,84.3,7173.65,9961.5
262,0.1,87.15,219.5,84.35,70.95,157.4,368.6,6979.2,6484.5,535.0,83.0,414.45,81.0,377.55,84.7,7037.15,9973.35
263,0.1,88.15,220.0,84.3,70.0,156.4,373.0,6935.4,6503.7,533.0,84.0,404.1,83.4,382.35,84.6,7232.7,9977.5
264,0.05,87.4,219.0,84.25,71.1,154.1,371.2,6860.85,6504.3,536.0,80.3,405.3,80.7,380.85,84.8,7058.75,9989.85
265,0.05,87.9,221.5,84.6,70.75,146.5,368.6,6960.9,6534.6,528.5,79.8,432.3,81.7,382.8,84.3,6986.25,9977.2
266,0.25,87.7,218.5,85.35,70.7,170.2,364.4,6918.3,6507.0,535.0,83.3,409.35,82.1,374.85,85.0,7111.25,9961.6
267,0.1,88.3,217.0,85.05,69.6,152.4,377.0,6936.6,6502.35,534.0,74.9,425.7,79.1,380.25,81.7,7142.75,9961.05
268,0.1,87.25,220.5,83.85,71.25,159.1,366.4,6937.05,6623.85,544.0,81.4,401.85,82.8,386.25,84.9,7130.8,9945.25
269,0.1,89.05,219.5,85.2,71.45,155.7,378.4,7175.25,6495.0,533.5,75.7,392.7,77.8,377.1,81.9,7147.3,9928.65
270,0.15,85.55,221.5,83.95,70.0,149.6,370.4,6971.55,6513.45,526.0,77.4,421.05,81.8,372.15,82.9,7166.95,9993.55
271,0.1,87.65,217.5,84.55,69.9,155.4,372.4,7017.0,6487.95,532.0,81.1,393.75,79.8,370.35,85.3,7243.5,9977.7
272,0.15,88.25,218.0,85.65,72.15,155.8,376.8,7010.7,6468.0,523.0,74.7,381.15,77.5,384.9,81.0,7099.75,9993.5
273,0.15,89.1,217.0,84.65,71.7,165.1,374.4,6945.6,6492.0,531.0,80.2,384.75,81.7,371.4,84.7,7163.45,9993.45
274,0.15,88.9,215.5,84.25,70.95,166.0,369.2,6932.4,6487.95,534.5,82.1,405.0,80.2,382.35,84.5,6987.45,9993.45
275,0.1,88.7,217.5,85.85,70.65,160.5,371.0,6904.8,6507.3,534.5,81.6,392.25,80.2,381.45,84.6,7030.75,9966.25
276,0.1,88.55,218.5,84.5,70.7,161.2,372.0,7015.35,6485.7,544.5,80.6,418.8,80.6,392.1,83.7,7082.45,9961.6
277,0.15,88.9,220.5,85.4,72.0,180.0,371.6,7005.15,6497.7,534.0,81.1,387.9,80.4,378.0,83.0,7089.25,9912.35
278,0.15,86.8,219.5,82.85,70.2,161.4,373.6,6940.65,6498.3,534.0,76.5,414.45,77.0,383.55,81.1,7289.65,9928.7
279,0.15,88.3,217.5,84.3,70.5,162.2,363.0,7064.55,6498.0,532.0,84.2,423.9,80.6,379.8,83.6,7123.75,9961.35
280,0.1,87.05,222.0,84.3,68.95,176.7,373.4,6978.45,6490.05,534.0,80.8,432.0,80.5,383.1,85.8,6997.25,9944.8
281,0.25,89.55,216.0,84.8,70.45,160.9,370.0,7033.05,6511.95,533.5,81.4,405.15,82.2,373.05,85.2,7242.95,9994.1
282,0.15,84.65,220.0,83.05,70.6,153.1,376.8,7042.05,6490.65,533.0,79.7,414.6,80.1,384.45,85.6,7116.95,10009.65
283,0.2,85.75,225.5,84.35,70.6,168.1,372.0,6967.05,6539.1,544.0,80.3,393.3,82.1,380.4,84.5,7042.05,9977.55
284,0.05,87.45,214.5,84.7,69.7,177.9,370.0,6969.3,6605.25,533.5,80.8,410.7,81.0,375.75,85.7,7104.3,10010.0
285,0.25,87.3,218.5,84.45,70.05,154.4,373.4,6943.05,6501.75,544.5,78.5,403.65,79.9,382.35,80.7,7196.35,9977.45
286,0.25,87.8,221.0,82.4,69.8,158.0,383.8,6872.7,6501.9,529.0,76.0,381.9,77.9,380.85,81.1,7063.0,10026.05
287,0.1,88.7,215.0,84.75,71.35,165.2,368.0,7014.15,6478.35,532.5,78.9,377.7,83.0,378.6,85.3,7051.7,10026.0
288,0.2,86.7,216.5,84.5,69.5,165.1,373.0,7089.75,6493.65,533.5,82.6,416.25,85.0,372.45,85.0,7222.55,10005.6
289,0.15,86.6,221.0,82.7,70.6,156.9,373.2,7000.65,6501.6,533.5,79.4,412.05,81.4,373.95,85.5,7138.5,9944.55
290,0.2,88.55,218.0,86.4,70.95,180.1,369.4,6994.2,6485.4,534.0,80.0,385.5,83.8,386.55,83.8,7138.6,10010.65
291,0.05,88.3,221.5,85.35,70.85,161.2,367.2,6876.0,6626.7,531.0,83.5,422.7,78.5,369.0,85.0,7021.3,9945.0
292,0.15,88.05,222.0,85.05,71.3,176.2,362.2,7009.65,6498.3,533.0,80.0,408.3,81.6,370.65,84.1,7267.95,10000.9
293,0.1,90.0,219.5,85.75,70.7,156.6,371.8,6975.45,6628.65,533.5,80.8,388.95,79.5,360.15,84.0,7226.75,9961.1
294,0.05,88.5,217.5,84.95,70.65,174.5,361.8,6940.2,6509.4,534.5,80.8,406.65,82.6,380.25,86.5,7044.3,9960.9
295,0.15,89.5,218.5,84.75,70.0,166.5,370.2,6919.5,6518.4,527.0,80.3,397.5,81.4,381.45,83.2,7121.0,9896.35
296,0.1,87.4,218.5,85.2,71.15,175.2,365.0,6936.0,6468.6,539.5,77.0,416.4,76.4,359.85,80.9,7194.0,9977.45
297,0.2,88.8,218.0,84.75,70.65,155.5,366.6,6849.9,6529.95,534.0,77.0,419.4,77.4,377.55,81.0,6996.4,9940.9
298,0.2,87.65,221.0,84.45,70.35,175.0,369.8,6899.4,6503.25,533.5,77.4,424.95,76.3,377.85,80.8,7176.6,10026.55
299,0.1,86.65,221.0,84.5,70.25,178.9,368.4,6961.05,6505.65,535.0,80.3,403.35,83.8,372.75,84.9,6985.15,9961.3
300,0.05,9.2,21.5,8.65,6.9,17.9,35.4,683.7,662.7,53.0,7.9,35.55,8.4,38.7,8.2,691.25,991.2
