JUDGE,TAT_4DIELEC_FIRE
양품,6447.0
양품,6600.0
양품,6597.0
양품,6420.0
양품,6453.0
양품,6660.0
양품,6480.0
양품,6480.0
양품,6453.0
양품,6453.0
양품,6513.0
양품,6600.0
명점,6540.0
양품,6513.0
양품,6573.0
양품,6567.0
양품,6720.0
양품,6453.0
양품,6633.0
명점,6687.0
양품,6480.0
명점,6660.0
양품,6540.0
양품,6453.0
양품,6420.0
양품,6600.0
양품,6633.0
양품,6513.0
양품,6447.0
양품,6573.0
양품,6513.0
양품,6507.0
양품,6447.0
양품,6447.0
양품,6453.0
양품,6507.0
양품,6573.0
양품,6447.0
양품,6480.0
양품,6507.0
명점,6720.0
양품,6453.0
양품,6453.0
양품,6453.0
명점,6540.0
양품,6507.0
양품,6420.0
양품,6540.0
양품,6480.0
양품,6540.0
양품,6513.0
양품,6453.0
양품,6453.0
양품,6507.0
양품,6567.0
양품,6600.0
양품,6480.0
양품,6453.0
양품,6513.0
명점,6627.0
양품,6627.0
양품,6480.0
양품,6540.0
양품,6513.0
양품,6420.0
양품,6480.0
양품,6507.0
양품,6600.0
양품,6420.0
양품,6600.0
양품,6513.0
양품,6420.0
양품,6480.0
양품,6507.0
양품,6453.0
양품,6600.0
양품,6447.0
양품,6447.0
양품,6453.0
양품,6627.0
명점,6807.0
양품,6480.0
양품,6480.0
양품,6420.0
양품,6480.0
양품,6507.0
양품,6513.0
양품,6447.0
양품,6393.0
양품,6453.0
양품,6453.0
양품,6633.0
양품,6480.0
양품,6507.0
양품,6513.0
양품,6453.0
양품,6453.0
양품,6480.0
양품,6513.0
명점,6453.0
양품,6453.0
양품,6540.0
양품,6600.0
양품,6453.0
양품,6453.0
양품,6453.0
양품,6447.0
양품,6480.0
양품,6453.0
양품,6453.0
양품,6573.0
양품,6447.0
양품,6453.0
양품,6480.0
양품,6447.0
양품,6453.0
양품,6507.0
양품,6873.0
양품,6480.0
양품,6453.0
양품,6540.0
명점,6540.0
양품,6567.0
양품,6447.0
양품,6453.0
양품,6600.0
양품,6600.0
양품,8973.0
양품,6573.0
양품,6540.0
양품,6453.0
양품,6573.0
양품,6513.0
양품,6447.0
양품,6507.0
양품,6540.0
양품,6513.0
양품,6453.0
양품,6480.0
양품,6600.0
양품,6600.0
양품,6453.0
양품,6453.0
양품,6573.0
양품,6447.0
양품,6480.0
양품,6420.0
양품,6420.0
양품,6453.0
양품,6453.0
양품,6573.0
양품,6420.0
양품,6420.0
양품,6420.0
양품,6420.0
양품,6600.0
양품,6453.0
양품,6540.0
양품,6480.0
양품,6447.0
양품,6510.0
양품,6600.0
양품,6480.0
양품,6507.0
양품,6420.0
양품,6480.0
양품,6573.0
양품,6507.0
양품,6627.0
명점,6453.0
양품,6573.0
양품,6627.0
양품,6507.0
양품,6513.0
양품,6480.0
양품,6573.0
양품,6567.0
양품,6453.0
양품,6540.0
양품,6420.0
양품,6447.0
양품,6627.0
양품,6540.0
양품,6447.0
양품,6453.0
양품,6600.0
명점,6840.0
명점,6453.0
양품,6627.0
양품,6513.0
양품,6480.0
양품,6540.0
양품,6600.0
양품,6420.0
양품,6507.0
양품,6540.0
양품,6540.0
양품,6447.0
양품,6573.0
양품,6630.0
양품,6447.0
양품,6447.0
양품,6480.0
명점,6480.0
양품,6507.0
양품,6447.0
양품,6447.0
양품,6480.0
양품,6633.0
양품,6507.0
명점,6507.0
양품,6513.0
양품,6453.0
양품,6540.0
양품,6480.0
양품,6600.0
양품,6600.0
양품,6480.0
양품,6480.0
양품,6480.0
양품,6507.0
양품,6600.0
양품,6507.0
양품,6480.0
양품,6480.0
양품,6420.0
양품,6600.0
양품,6453.0
명점,6633.0
양품,6480.0
양품,6480.0
양품,6420.0
양품,6447.0
양품,6447.0
양품,6633.0
양품,6447.0
양품,6600.0
양품,6573.0
양품,6513.0
양품,6567.0
양품,6447.0
양품,6453.0
양품,6447.0
양품,6420.0
양품,6453.0
양품,6600.0
양품,6513.0
양품,6480.0
양품,6480.0
양품,6573.0
양품,6513.0
양품,6480.0
양품,6480.0
양품,6420.0
양품,6420.0
양품,6480.0
양품,6633.0
양품,6480.0
양품,6453.0
양품,6480.0
양품,6420.0
양품,6600.0
양품,6480.0
양품,6453.0
양품,6507.0
양품,6600.0
양품,6540.0
양품,6480.0
양품,6627.0
양품,6447.0
양품,6540.0
양품,6630.0
양품,6453.0
양품,6573.0
양품,6420.0
양품,8973.0
양품,6480.0
양품,6480.0
양품,6567.0
명점,7320.0
양품,6480.0
양품,6513.0
양품,6453.0
양품,6453.0
양품,6573.0
양품,6453.0
양품,6600.0
양품,6453.0
양품,6633.0
양품,6480.0
양품,6477.0
양품,6567.0
명점,6540.0
양품,6567.0
양품,6480.0
양품,6513.0
양품,6507.0
양품,6453.0
양품,6453.0
양품,6420.0
양품,6453.0
양품,6600.0
양품,6420.0
양품,6480.0
양품,6540.0
양품,6453.0
양품,6420.0
양품,6480.0
양품,6480.0
양품,6447.0
양품,6420.0
양품,6507.0
양품,6480.0
양품,6540.0
양품,6420.0
양품,6573.0
양품,6600.0
양품,6540.0
양품,6480.0
양품,6567.0
양품,6507.0
양품,6447.0
양품,6453.0
양품,6660.0
양품,6600.0
양품,6573.0
양품,6453.0
명점,6633.0
양품,6447.0
양품,6507.0
양품,6567.0
양품,6453.0
양품,6420.0
양품,6453.0
양품,6573.0
양품,6480.0
양품,6420.0
양품,6447.0
양품,6513.0
양품,6420.0
양품,6480.0
양품,6447.0
양품,6630.0
명점,6693.0
양품,6573.0
양품,6420.0
양품,6447.0
양품,6453.0
양품,6507.0
양품,6420.0
양품,6480.0
양품,6513.0
양품,6600.0
양품,6540.0
양품,6540.0
양품,6447.0
양품,8967.0
양품,6447.0
양품,6453.0
양품,6453.0
양품,6420.0
양품,6513.0
양품,6453.0
양품,6453.0
양품,6447.0
양품,6573.0
양품,6567.0
양품,6513.0
양품,6420.0
양품,6420.0
양품,6420.0
양품,6480.0
양품,6453.0
양품,6633.0
양품,6507.0
양품,6600.0
양품,6600.0
양품,6600.0
명점,6780.0
양품,6480.0
양품,6600.0
양품,6510.0
양품,6480.0
양품,6507.0
양품,6513.0
양품,6633.0
양품,6507.0
양품,6510.0
양품,6447.0
양품,6513.0
양품,6627.0
양품,6420.0
양품,6480.0
양품,6507.0
명점,6540.0
양품,6447.0
양품,6447.0
명점,6807.0
양품,6507.0
양품,6567.0
양품,6600.0
양품,6480.0
양품,6453.0
양품,6453.0
양품,6453.0
명점,6507.0
양품,6480.0
양품,6453.0
양품,6597.0
양품,6540.0
양품,6480.0
양품,6453.0
양품,6507.0
양품,6420.0
양품,6453.0
양품,6633.0
양품,6513.0
양품,6447.0
양품,6480.0
명점,6567.0
양품,6567.0
양품,6420.0
양품,6540.0
양품,6507.0
양품,6453.0
양품,6420.0
양품,6507.0
양품,6447.0
양품,6480.0
양품,6453.0
양품,6453.0
양품,6513.0
명점,6720.0
양품,6447.0
양품,6447.0
양품,6507.0
양품,6540.0
양품,6453.0
양품,6453.0
양품,6513.0
양품,6420.0
양품,6453.0
양품,6447.0
양품,6420.0
양품,6567.0
양품,6513.0
명점,6753.0
양품,6600.0
양품,6420.0
명점,6420.0
양품,6453.0
양품,6600.0
양품,6420.0
양품,6600.0
양품,6540.0
양품,6477.0
양품,6453.0
양품,6453.0
양품,6513.0
양품,6477.0
양품,6447.0
양품,6600.0
양품,6573.0
양품,6780.0
양품,6513.0
양품,6447.0
양품,6447.0
양품,6447.0
양품,6513.0
양품,6630.0
양품,6660.0
양품,6507.0
양품,6480.0
양품,6480.0
양품,6480.0
양품,6420.0
양품,6480.0
양품,6453.0
양품,6420.0
양품,6447.0
양품,6660.0
양품,6573.0
양품,6480.0
양품,6453.0
양품,6453.0
양품,6420.0
양품,6600.0
양품,6540.0
명점,6633.0
양품,6453.0
양품,6600.0
양품,6573.0
양품,6420.0
양품,6480.0
양품,6420.0
양품,6447.0
양품,6600.0
명점,6720.0
양품,6513.0
양품,6507.0
양품,6540.0
양품,8967.0
양품,6453.0
명점,6513.0
양품,6507.0
양품,8973.0
양품,6453.0
양품,6480.0
양품,6447.0
양품,6453.0
양품,6540.0
양품,6480.0
양품,6453.0
양품,6633.0
양품,6420.0
양품,6507.0
양품,6420.0
양품,6420.0
양품,6447.0
양품,6573.0
양품,6420.0
양품,6480.0
양품,6447.0
양품,6513.0
양품,6513.0
명점,6540.0
양품,6507.0
양품,6480.0
양품,6480.0
양품,6447.0
명점,6813.0
양품,6567.0
명점,6600.0
양품,6480.0
양품,6573.0
양품,6507.0
양품,6453.0
양품,6633.0
양품,6453.0
양품,6453.0
양품,6420.0
양품,6453.0
양품,6447.0
양품,6507.0
명점,6540.0
양품,6453.0
양품,6540.0
양품,6513.0
양품,6510.0
양품,6540.0
양품,6600.0
양품,6453.0
양품,6420.0
양품,6660.0
양품,6480.0
양품,6567.0
양품,6420.0
양품,6480.0
양품,6573.0
양품,6420.0
양품,6480.0
양품,6753.0
양품,6480.0
양품,6420.0
양품,6447.0
양품,6447.0
양품,6480.0
양품,6540.0
양품,6447.0
양품,6420.0
양품,6393.0
양품,6447.0
양품,6480.0
양품,6633.0
양품,6453.0
양품,6600.0
양품,6627.0
양품,6480.0
양품,6480.0
양품,6447.0
양품,6600.0
양품,6540.0
명점,6687.0
양품,6480.0
양품,6420.0
양품,6420.0
양품,6480.0
양품,6447.0
양품,6420.0
명점,6453.0
양품,6600.0
양품,6447.0
명점,6540.0
양품,6507.0
양품,6453.0
양품,6480.0
양품,6447.0
양품,6420.0
양품,6507.0
양품,6600.0
명점,6480.0
양품,6507.0
양품,6480.0
양품,6633.0
명점,6447.0
양품,6480.0
양품,6453.0
양품,6447.0
양품,6480.0
양품,6480.0
양품,6480.0
양품,6507.0
양품,6447.0
양품,6633.0
양품,6480.0
양품,6567.0
양품,6540.0
양품,6420.0
양품,6447.0
양품,6567.0
양품,6540.0
양품,6480.0
명점,6447.0
양품,6447.0
양품,6633.0
양품,6447.0
양품,6447.0
양품,6573.0
양품,6420.0
양품,6447.0
명점,6480.0
양품,6447.0
양품,6507.0
양품,6480.0
양품,6447.0
양품,6447.0
양품,6480.0
양품,6453.0
양품,6480.0
양품,6453.0
명점,6840.0
양품,6447.0
양품,6627.0
양품,6453.0
양품,6453.0
명점,6507.0
양품,6540.0
양품,6513.0
양품,6420.0
양품,6453.0
양품,6420.0
양품,6420.0
양품,6420.0
양품,6480.0
양품,6420.0
양품,6567.0
양품,6480.0
양품,6453.0
양품,6480.0
양품,6447.0
양품,6420.0
양품,6447.0
양품,6480.0
양품,6507.0
양품,6567.0
양품,6513.0
양품,6453.0
명점,6627.0
양품,6480.0
양품,6630.0
양품,6480.0
양품,6453.0
양품,6753.0
양품,6540.0
양품,6513.0
양품,6567.0
양품,6447.0
양품,6453.0
명점,6567.0
양품,6480.0
명점,6447.0
명점,6540.0
양품,6453.0
양품,6540.0
양품,6480.0
양품,6633.0
양품,6567.0
양품,6540.0
양품,6573.0
양품,6420.0
양품,6633.0
양품,6420.0
양품,6633.0
양품,6573.0
양품,6513.0
양품,6513.0
양품,6513.0
명점,6480.0
양품,6480.0
양품,6420.0
양품,6420.0
양품,6453.0
양품,6573.0
양품,6780.0
양품,6480.0
양품,6453.0
양품,6480.0
양품,6480.0
양품,6513.0
양품,6420.0
양품,6480.0
양품,6513.0
양품,6480.0
양품,6507.0
양품,6567.0
양품,6573.0
양품,6513.0
양품,6513.0
양품,6480.0
양품,6393.0
양품,6507.0
양품,6480.0
양품,6480.0
양품,6513.0
양품,6513.0
양품,6420.0
양품,6420.0
명점,6540.0
명점,6720.0
양품,6507.0
양품,6420.0
양품,6447.0
양품,6453.0
양품,6420.0
양품,6480.0
양품,6453.0
양품,6480.0
양품,6540.0
양품,6453.0
양품,6600.0
양품,6513.0
양품,6507.0
양품,6453.0
양품,6507.0
양품,6513.0
양품,6513.0
양품,6507.0
양품,6447.0
양품,6513.0
양품,6420.0
양품,6453.0
양품,6480.0
양품,6420.0
양품,6780.0
양품,6453.0
양품,6480.0
양품,7053.0
양품,6480.0
양품,6453.0
양품,6480.0
명점,6693.0
양품,6513.0
명점,6933.0
양품,6420.0
양품,6480.0
양품,6513.0
양품,6600.0
양품,8967.0
양품,6633.0
양품,6633.0
양품,6600.0
양품,6420.0
양품,6447.0
양품,6513.0
양품,6453.0
양품,6480.0
양품,6480.0
양품,6480.0
양품,6453.0
명점,6540.0
양품,6447.0
양품,6600.0
양품,6420.0
양품,6453.0
양품,6420.0
양품,6420.0
양품,6480.0
양품,6420.0
양품,6507.0
양품,6447.0
양품,6513.0
양품,6480.0
양품,6567.0
양품,6567.0
명점,6540.0
명점,6447.0
양품,6513.0
양품,6507.0
양품,6447.0
양품,6573.0
양품,6573.0
양품,6507.0
양품,6633.0
양품,6480.0
양품,6480.0
양품,6507.0
양품,6507.0
명점,7407.0
양품,6480.0
양품,6567.0
양품,6507.0
양품,6600.0
양품,6600.0
양품,6480.0
양품,6480.0
양품,6600.0
양품,6480.0
양품,6420.0
양품,6447.0
양품,6513.0
양품,6453.0
양품,6420.0
양품,6600.0
양품,6540.0
양품,6453.0
양품,6480.0
양품,6480.0
양품,6480.0
양품,6480.0
양품,6447.0
양품,6447.0
양품,6480.0
양품,6600.0
양품,6447.0
양품,6453.0
양품,6393.0
양품,6420.0
명점,6693.0
양품,6420.0
양품,6447.0
양품,6480.0
양품,6453.0
양품,6480.0
양품,6480.0
양품,6453.0
명점,6840.0
양품,6567.0
양품,6567.0
양품,6540.0
양품,6600.0
양품,6633.0
양품,6633.0
양품,6453.0
양품,6420.0
양품,6420.0
양품,6420.0
양품,6627.0
양품,6420.0
양품,6513.0
양품,6540.0
명점,6453.0
양품,6420.0
양품,6480.0
양품,6447.0
양품,6600.0
양품,6420.0
양품,6540.0
양품,6540.0
양품,6453.0
양품,6567.0
양품,6447.0
양품,6453.0
양품,6513.0
양품,6480.0
명점,6480.0
양품,6507.0
양품,6453.0
양품,6453.0
양품,6420.0
양품,6600.0
양품,6420.0
양품,6420.0
양품,6447.0
양품,6447.0
양품,6567.0
양품,6480.0
양품,6453.0
양품,6480.0
양품,6453.0
양품,6600.0
양품,6480.0
양품,6453.0
양품,6573.0
양품,6540.0
양품,6633.0
양품,6447.0
명점,6753.0
양품,6600.0
양품,6540.0
양품,6537.0
양품,6600.0
양품,6453.0
양품,6453.0
양품,6480.0
양품,6573.0
양품,6480.0
양품,6600.0
양품,6453.0
양품,6453.0
양품,6480.0
양품,6453.0
양품,6573.0
양품,6507.0
양품,6453.0
양품,6480.0
양품,6573.0
양품,6600.0
양품,6480.0
양품,6480.0
양품,6480.0
양품,6480.0
양품,6480.0
양품,6573.0
양품,6420.0
양품,6480.0
양품,6507.0
양품,6600.0
양품,6447.0
양품,6660.0
양품,6480.0
양품,6507.0
양품,6480.0
양품,6540.0
양품,6507.0
양품,6633.0
양품,6420.0
명점,6513.0
양품,6633.0
양품,8967.0
양품,6420.0
양품,6540.0
양품,6513.0
양품,6447.0
양품,6447.0
양품,6600.0
양품,6453.0
양품,6507.0
양품,6567.0
양품,6480.0
양품,6420.0
양품,6453.0
양품,6600.0
명점,6507.0
양품,6540.0
양품,6513.0
양품,6507.0
양품,6633.0
양품,6510.0
양품,6480.0
양품,6540.0
양품,6447.0
양품,6513.0
양품,6480.0
양품,6540.0
양품,6480.0
양품,6507.0
양품,6540.0
양품,6453.0
양품,6513.0
양품,6600.0
양품,6480.0
양품,6453.0
양품,6480.0
양품,6480.0
양품,6480.0
양품,6480.0
양품,6420.0
양품,6420.0
양품,6507.0
양품,6420.0
양품,6447.0
양품,6540.0
양품,6567.0
양품,6567.0
양품,6453.0
양품,6507.0
양품,6447.0
명점,6753.0
양품,6447.0
양품,6573.0
양품,6633.0
명점,7353.0
양품,6480.0
양품,6507.0
명점,6573.0
양품,6540.0
양품,6567.0
양품,6567.0
양품,6453.0
양품,6600.0
양품,6597.0
양품,6420.0
양품,6567.0
양품,6420.0
양품,6480.0
양품,6507.0
양품,6447.0
양품,6573.0
양품,6660.0
양품,6507.0
양품,6513.0
양품,6600.0
양품,6453.0
명점,6480.0
양품,6513.0
양품,6507.0
양품,6573.0
양품,6507.0
양품,6480.0
양품,6480.0
양품,6447.0
양품,6513.0
양품,6540.0
양품,6630.0
양품,6513.0
양품,6480.0
양품,6600.0
양품,6420.0
명점,6453.0
양품,6420.0
양품,6453.0
양품,6453.0
양품,6447.0
양품,6567.0
명점,6453.0
양품,6507.0
양품,6480.0
양품,6540.0
양품,6447.0
양품,6567.0
양품,6633.0
명점,6453.0
양품,6447.0
양품,6480.0
양품,6447.0
양품,6447.0
양품,6453.0
양품,6453.0
명점,6480.0
양품,6540.0
양품,6633.0
양품,6480.0
양품,6600.0
양품,6420.0
양품,6447.0
양품,6513.0
양품,6480.0
양품,6447.0
양품,6573.0
양품,6453.0
양품,6480.0
양품,6480.0
양품,6480.0
양품,6480.0
양품,6513.0
양품,6540.0
양품,6480.0
양품,6480.0
양품,6480.0
양품,6447.0
양품,6507.0
양품,6513.0
양품,6540.0
양품,6420.0
양품,6480.0
양품,6447.0
양품,6480.0
양품,6420.0
양품,6633.0
양품,6627.0
양품,6513.0
양품,6447.0
양품,6453.0
양품,6600.0
양품,6480.0
양품,6420.0
양품,6453.0
양품,6540.0
양품,6453.0
양품,6540.0
양품,6453.0
양품,6780.0
양품,6453.0
양품,6420.0
양품,6630.0
양품,6513.0
양품,6630.0
명점,6660.0
양품,6480.0
양품,6600.0
양품,6600.0
양품,6420.0
양품,6453.0
명점,6567.0
양품,6513.0
양품,6567.0
양품,6513.0
양품,6447.0
양품,6480.0
양품,6447.0
양품,6513.0
양품,6453.0
양품,6447.0
양품,6567.0
양품,6567.0
명점,6780.0
양품,6600.0
양품,6477.0
양품,6420.0
양품,6480.0
양품,6513.0
양품,6480.0
양품,6420.0
양품,6480.0
양품,6453.0
양품,6453.0
양품,6480.0
양품,6447.0
양품,6567.0
양품,6507.0
양품,6513.0
명점,7317.0
양품,6540.0
양품,6447.0
양품,6447.0
양품,6513.0
양품,6567.0
양품,6597.0
명점,6927.0
양품,6447.0
양품,6540.0
양품,6480.0
양품,6600.0
양품,6420.0
양품,6420.0
양품,6540.0
양품,6447.0
양품,6447.0
양품,6453.0
양품,6447.0
양품,6447.0
양품,6633.0
양품,6597.0
양품,6573.0
양품,6660.0
양품,6447.0
양품,6480.0
명점,6720.0
명점,7467.0
양품,6447.0
명점,6687.0
양품,6447.0
양품,6453.0
양품,6600.0
명점,6453.0
양품,6480.0
양품,6660.0
양품,6540.0
양품,6567.0
양품,6540.0
양품,6540.0
양품,6480.0
양품,6480.0
양품,6453.0
양품,6420.0
양품,6447.0
양품,6513.0
양품,6447.0
양품,6480.0
양품,6480.0
양품,6513.0
양품,6507.0
양품,6600.0
양품,6573.0
양품,6567.0
양품,6480.0
양품,6420.0
양품,6540.0
양품,6447.0
양품,6600.0
양품,6480.0
양품,6507.0
양품,6480.0
양품,6480.0
양품,6480.0
양품,6447.0
양품,6480.0
명점,6480.0
양품,6420.0
양품,6480.0
양품,6480.0
양품,6600.0
양품,6420.0
양품,6453.0
양품,6453.0
양품,6513.0
양품,6567.0
양품,6480.0
명점,7233.0
명점,7020.0
양품,6537.0
양품,6627.0
양품,6507.0
양품,6480.0
양품,6480.0
양품,6600.0
양품,6480.0
양품,6540.0
양품,6480.0
양품,6453.0
명점,6453.0
양품,6600.0
양품,6453.0
양품,6453.0
양품,6420.0
명점,6480.0
양품,6567.0
양품,6567.0
양품,6447.0
양품,6480.0
양품,6600.0
명점,6453.0
양품,6480.0
양품,6420.0
양품,6573.0
양품,6480.0
양품,6480.0
양품,6513.0
양품,6513.0
양품,6480.0
양품,6453.0
양품,6480.0
양품,6507.0
양품,6540.0
양품,6447.0
양품,6627.0
양품,6480.0
양품,6480.0
양품,6573.0
명점,6567.0
명점,6750.0
양품,6453.0
양품,6573.0
명점,6420.0
양품,6600.0
양품,6480.0
양품,6480.0
양품,6480.0
양품,6480.0
양품,6420.0
양품,6633.0
양품,6540.0
양품,6420.0
양품,6480.0
양품,6453.0
양품,6540.0
양품,6480.0
양품,6600.0
양품,6540.0
양품,6540.0
양품,6507.0
양품,6513.0
양품,6633.0
명점,6600.0
양품,6447.0
양품,6447.0
양품,6513.0
양품,6480.0
양품,6420.0
양품,6600.0
양품,6540.0
양품,6573.0
양품,6420.0
양품,6480.0
명점,6540.0
양품,6447.0
양품,6453.0
양품,6600.0
양품,6633.0
양품,6447.0
양품,6567.0
양품,6420.0
양품,6600.0
양품,6507.0
양품,6453.0
양품,6600.0
양품,6630.0
명점,6960.0
양품,6480.0
양품,6513.0
양품,6480.0
양품,6453.0
양품,6507.0
양품,6480.0
양품,6480.0
양품,6480.0
양품,6480.0
양품,6453.0
양품,6513.0
양품,6453.0
양품,6480.0
양품,6573.0
양품,6480.0
양품,6447.0
양품,6447.0
양품,6480.0
양품,6630.0
양품,6480.0
양품,6420.0
명점,6753.0
양품,6627.0
양품,6453.0
양품,6453.0
양품,6480.0
양품,6480.0
양품,6420.0
양품,6513.0
양품,6453.0
양품,6447.0
양품,6453.0
양품,6480.0
명점,6447.0
양품,6420.0
양품,6480.0
양품,6480.0
양품,6537.0
양품,6540.0
양품,6480.0
양품,6480.0
양품,6507.0
양품,6420.0
명점,6513.0
양품,6513.0
양품,6420.0
양품,6447.0
명점,6480.0
양품,6507.0
양품,6600.0
양품,6453.0
양품,6600.0
양품,6507.0
양품,6573.0
양품,6480.0
양품,6480.0
양품,6420.0
양품,6480.0
양품,6507.0
양품,6480.0
양품,6447.0
명점,6720.0
양품,6447.0
양품,6453.0
양품,6480.0
양품,6480.0
양품,6513.0
양품,6540.0
양품,6513.0
양품,6600.0
양품,6453.0
양품,6447.0
양품,6447.0
양품,6453.0
양품,6600.0
양품,6480.0
양품,6540.0
양품,6480.0
양품,6453.0
양품,6507.0
양품,6480.0
양품,6480.0
양품,6507.0
양품,6507.0
양품,6420.0
양품,6540.0
양품,6447.0
양품,6633.0
양품,6447.0
양품,6540.0
양품,6513.0
양품,6600.0
양품,6540.0
양품,6513.0
양품,6507.0
양품,6633.0
양품,6420.0
양품,6447.0
명점,6480.0
양품,6573.0
양품,6597.0
양품,6453.0
양품,6480.0
양품,6420.0
양품,6480.0
명점,6720.0
양품,6600.0
양품,6480.0
양품,6453.0
양품,6513.0
양품,6453.0
양품,6453.0
양품,6447.0
양품,6447.0
양품,6513.0
양품,6453.0
양품,6507.0
양품,6480.0
양품,6480.0
양품,6513.0
양품,6480.0
양품,6540.0
명점,6480.0
양품,6447.0
양품,6567.0
양품,6627.0
양품,6600.0
양품,6453.0
양품,6447.0
양품,6480.0
양품,6480.0
양품,6480.0
양품,6513.0
양품,6447.0
양품,6420.0
양품,6480.0
양품,6453.0
양품,6480.0
양품,6453.0
양품,6573.0
양품,6453.0
양품,6567.0
양품,6573.0
양품,6480.0
양품,6453.0
명점,6867.0
양품,6600.0
양품,6567.0
양품,6513.0
양품,6480.0
양품,6480.0
양품,6660.0
양품,8973.0
양품,8973.0
양품,6600.0
양품,6420.0
양품,6420.0
명점,6447.0
양품,6507.0
양품,6453.0
양품,6447.0
양품,6480.0
양품,6513.0
양품,6420.0
양품,6420.0
양품,6507.0
양품,6747.0
양품,6420.0
명점,6720.0
양품,6633.0
양품,6480.0
양품,6447.0
양품,6540.0
양품,6480.0
양품,6480.0
명점,6480.0
양품,6453.0
양품,6513.0
양품,6480.0
명점,6447.0
양품,6453.0
양품,6420.0
양품,6513.0
양품,6513.0
양품,6513.0
양품,6480.0
양품,6567.0
양품,6420.0
양품,6447.0
양품,6507.0
양품,6453.0
양품,6513.0
양품,6567.0
양품,6453.0
명점,6567.0
명점,6453.0
양품,6480.0
양품,6507.0
양품,6513.0
양품,6813.0
양품,6447.0
양품,6600.0
양품,6540.0
양품,6420.0
양품,6480.0
양품,6480.0
양품,6453.0
양품,6507.0
양품,6540.0
명점,6420.0
양품,6447.0
양품,6480.0
양품,6540.0
양품,6447.0
양품,6447.0
양품,6600.0
양품,6420.0
명점,6600.0
양품,6540.0
양품,6480.0
양품,6480.0
양품,6420.0
양품,6420.0
양품,6453.0
양품,6573.0
양품,6507.0
양품,6420.0
양품,6567.0
양품,6540.0
양품,6453.0
양품,6573.0
양품,6447.0
명점,6753.0
양품,6513.0
명점,6720.0
양품,6513.0
양품,6447.0
양품,6447.0
양품,6447.0
양품,6480.0
양품,6447.0
양품,8973.0
명점,6573.0
양품,6540.0
양품,6567.0
양품,6453.0
양품,6420.0
양품,6447.0
양품,6447.0
양품,6567.0
양품,6507.0
양품,6540.0
양품,6453.0
양품,6420.0
양품,6480.0
양품,6453.0
양품,6480.0
양품,6453.0
양품,6507.0
양품,6600.0
양품,6513.0
양품,6480.0
양품,6447.0
양품,6573.0
명점,6513.0
양품,6453.0
양품,6420.0
양품,6480.0
양품,6480.0
양품,6840.0
명점,6540.0
양품,6453.0
양품,6567.0
양품,6480.0
양품,6447.0
양품,6453.0
양품,6627.0
양품,6540.0
양품,6540.0
양품,6420.0
양품,6480.0
양품,6507.0
양품,6420.0
양품,6540.0
양품,6453.0
양품,6480.0
명점,6453.0
양품,6480.0
양품,6420.0
양품,6420.0
양품,6600.0
양품,6447.0
양품,6633.0
양품,6480.0
양품,6447.0
양품,6453.0
양품,6480.0
양품,6540.0
양품,6453.0
양품,6507.0
양품,6600.0
양품,6480.0
양품,6480.0
양품,6480.0
양품,6513.0
명점,6447.0
명점,6540.0
양품,6513.0
양품,6420.0
양품,6453.0
명점,6453.0
양품,6573.0
양품,6480.0
양품,6420.0
양품,6600.0
양품,6600.0
양품,6480.0
양품,6480.0
양품,6453.0
양품,6453.0
양품,6453.0
양품,6453.0
양품,6573.0
양품,6453.0
양품,6540.0
양품,6573.0
양품,6513.0
양품,6453.0
양품,6573.0
양품,6447.0
명점,6507.0
양품,6507.0
양품,6633.0
양품,6507.0
양품,8973.0
양품,6567.0
양품,6540.0
양품,6447.0
양품,6573.0
양품,6633.0
양품,6480.0
양품,6540.0
양품,6420.0
양품,6513.0
양품,6447.0
양품,6420.0
양품,6600.0
양품,6480.0
양품,6507.0
양품,6540.0
명점,6480.0
양품,6540.0
양품,6453.0
명점,6573.0
양품,6510.0
양품,6453.0
양품,6480.0
양품,6600.0
양품,6513.0
양품,6507.0
양품,6447.0
양품,6567.0
양품,6627.0
양품,6540.0
양품,6507.0
명점,6660.0
양품,6480.0
양품,6633.0
명점,6447.0
양품,6480.0
양품,6420.0
양품,6420.0
양품,6453.0
양품,6453.0
양품,6480.0
양품,6633.0
양품,6420.0
양품,6513.0
양품,6453.0
양품,6480.0
양품,6573.0
명점,6540.0
명점,6507.0
양품,6573.0
양품,6480.0
양품,6480.0
양품,6480.0
명점,6747.0
양품,6420.0
양품,6573.0
양품,6480.0
양품,6453.0
양품,6567.0
명점,6540.0
양품,6573.0
양품,6600.0
양품,6453.0
양품,6480.0
양품,6453.0
명점,6540.0
양품,6633.0
양품,6540.0
양품,6447.0
양품,6420.0
양품,6480.0
양품,6567.0
명점,6513.0
양품,6567.0
명점,6447.0
양품,6447.0
양품,6567.0
양품,6513.0
양품,6513.0
양품,6513.0
양품,6420.0
양품,6453.0
양품,6540.0
양품,6453.0
양품,6687.0
양품,6513.0
양품,6480.0
양품,6600.0
양품,6507.0
양품,6540.0
명점,6693.0
양품,6567.0
양품,6567.0
양품,6447.0
양품,6633.0
양품,6480.0
양품,6600.0
명점,6420.0
양품,6480.0
양품,6540.0
양품,6453.0
양품,6480.0
양품,6447.0
양품,6507.0
양품,6447.0
명점,6447.0
양품,6420.0
양품,6447.0
양품,6600.0
명점,6720.0
양품,6507.0
양품,6453.0
양품,6567.0
양품,6453.0
양품,6453.0
양품,6540.0
양품,6447.0
양품,6507.0
명점,6720.0
양품,6513.0
양품,6540.0
양품,6600.0
명점,6513.0
양품,6600.0
양품,6447.0
양품,6420.0
양품,6480.0
명점,6480.0
양품,6513.0
양품,6507.0
양품,6540.0
양품,6477.0
양품,6453.0
양품,6420.0
양품,6633.0
양품,6447.0
양품,6513.0
양품,6660.0
양품,6447.0
양품,6513.0
명점,6567.0
양품,6453.0
양품,6453.0
양품,6420.0
양품,6453.0
명점,6513.0
양품,6420.0
양품,6447.0
명점,6480.0
양품,6507.0
명점,6573.0
양품,6480.0
양품,6627.0
명점,6453.0
양품,6540.0
양품,6447.0
양품,6627.0
양품,6660.0
명점,6420.0
양품,6633.0
양품,6480.0
양품,6480.0
양품,6480.0
양품,6447.0
양품,6453.0
양품,6420.0
양품,6453.0
양품,6507.0
양품,6567.0
양품,6420.0
양품,6507.0
양품,6480.0
양품,6513.0
양품,6537.0
양품,6420.0
양품,6540.0
양품,6510.0
양품,6420.0
명점,7173.0
양품,6480.0
양품,6480.0
양품,6633.0
명점,6627.0
양품,6480.0
양품,6447.0
양품,6480.0
양품,6513.0
양품,6453.0
양품,6420.0
양품,6447.0
양품,6480.0
양품,6600.0
양품,6447.0
양품,6540.0
양품,6453.0
양품,6480.0
양품,6447.0
양품,6447.0
양품,6447.0
명점,6447.0
양품,6513.0
양품,6540.0
양품,6453.0
양품,6420.0
양품,6420.0
양품,6507.0
양품,6420.0
양품,6480.0
양품,6507.0
명점,6720.0
양품,6447.0
양품,6480.0
양품,6480.0
양품,6660.0
명점,6480.0
양품,6453.0
양품,6480.0
양품,6600.0
양품,6453.0
양품,6420.0
양품,6447.0
양품,6420.0
양품,6540.0
양품,6507.0
명점,6480.0
양품,6480.0
양품,6507.0
양품,6573.0
양품,6600.0
양품,6447.0
양품,6447.0
양품,6507.0
양품,6573.0
양품,8973.0
양품,6447.0
명점,6570.0
양품,6540.0
양품,6513.0
양품,6453.0
양품,6480.0
양품,6507.0
양품,6513.0
양품,6480.0
양품,6447.0
양품,6420.0
양품,6480.0
양품,6480.0
양품,6780.0
양품,6420.0
양품,6540.0
양품,6507.0
양품,6600.0
양품,6480.0
명점,6480.0
양품,6480.0
양품,6453.0
양품,6540.0
양품,6447.0
양품,6540.0
양품,6453.0
양품,6447.0
양품,6480.0
양품,6573.0
양품,6540.0
양품,6453.0
양품,6453.0
양품,6420.0
명점,6453.0
양품,6453.0
양품,6600.0
양품,6627.0
양품,6453.0
양품,6453.0
양품,6600.0
명점,6420.0
양품,6480.0
양품,6447.0
양품,6627.0
양품,6447.0
양품,6513.0
양품,6447.0
양품,6600.0
명점,6600.0
양품,6573.0
양품,6453.0
양품,6453.0
명점,6633.0
양품,6453.0
양품,6513.0
양품,6447.0
명점,6480.0
양품,6567.0
양품,6600.0
양품,6480.0
양품,6447.0
양품,6420.0
양품,6600.0
양품,6600.0
명점,6447.0
양품,6480.0
양품,6420.0
양품,6480.0
양품,6420.0
양품,6660.0
양품,6600.0
양품,6447.0
양품,6600.0
양품,6447.0
명점,6723.0
양품,6633.0
양품,6420.0
양품,6627.0
양품,6480.0
양품,6507.0
양품,6573.0
양품,6447.0
양품,6480.0
양품,6480.0
명점,6480.0
명점,6480.0
양품,6540.0
양품,6540.0
양품,6453.0
양품,6600.0
양품,6453.0
양품,6453.0
양품,6630.0
양품,6420.0
명점,6420.0
양품,6480.0
양품,6633.0
양품,6447.0
양품,6420.0
양품,6447.0
양품,6453.0
양품,6600.0
양품,6600.0
양품,6600.0
양품,6447.0
양품,6600.0
명점,6720.0
양품,6600.0
양품,6453.0
양품,6480.0
양품,6480.0
양품,6447.0
양품,6573.0
양품,6453.0
양품,6480.0
양품,6480.0
양품,6420.0
양품,6507.0
양품,6513.0
양품,6513.0
양품,6480.0
양품,6567.0
명점,6540.0
양품,6447.0
양품,6633.0
양품,6480.0
양품,6600.0
양품,6480.0
양품,6513.0
양품,6540.0
양품,6420.0
양품,6420.0
양품,6453.0
양품,6513.0
양품,6453.0
양품,6513.0
양품,6447.0
양품,6453.0
양품,6540.0
양품,6567.0
양품,6540.0
양품,6420.0
양품,6453.0
양품,6420.0
명점,6540.0
명점,6660.0
양품,6447.0
명점,6633.0
양품,6507.0
양품,6480.0
양품,6447.0
양품,6453.0
명점,6600.0
양품,6507.0
명점,6480.0
양품,6480.0
양품,6453.0
양품,6573.0
양품,6480.0
양품,6480.0
양품,6420.0
양품,6447.0
양품,6453.0
양품,6447.0
양품,6480.0
양품,6453.0
명점,6453.0
양품,6480.0
양품,6480.0
양품,6537.0
양품,6600.0
양품,6447.0
명점,6480.0
양품,6480.0
양품,6600.0
명점,6420.0
양품,6513.0
양품,6447.0
양품,6600.0
양품,6600.0
양품,6540.0
양품,6453.0
양품,6453.0
양품,6540.0
양품,6480.0
양품,6513.0
양품,6447.0
양품,6453.0
양품,6573.0
양품,6567.0
양품,6453.0
양품,6420.0
양품,6447.0
양품,6513.0
양품,6480.0
명점,6453.0
양품,6513.0
양품,6480.0
양품,6507.0
양품,6600.0
명점,6747.0
양품,6600.0
양품,6540.0
양품,6507.0
양품,6447.0
명점,6627.0
명점,6660.0
양품,6513.0
양품,6513.0
양품,6447.0
양품,6513.0
양품,6447.0
양품,6453.0
양품,6453.0
양품,6447.0
양품,6447.0
양품,6480.0
양품,6480.0
양품,6507.0
양품,6447.0
양품,6507.0
양품,6600.0
양품,6540.0
양품,6513.0
양품,6600.0
양품,6480.0
양품,6447.0
양품,6513.0
양품,6540.0
양품,6513.0
양품,6480.0
명점,6480.0
양품,6480.0
양품,6453.0
양품,6420.0
양품,6513.0
양품,6600.0
양품,6600.0
양품,6480.0
양품,6513.0
양품,6453.0
양품,6480.0
양품,6420.0
양품,6447.0
양품,6453.0
양품,6573.0
양품,6480.0
양품,6453.0
명점,6480.0
양품,6507.0
양품,6480.0
양품,6480.0
양품,6540.0
명점,6480.0
양품,6480.0
양품,6513.0
양품,6513.0
양품,6420.0
양품,6480.0
양품,6453.0
양품,6447.0
양품,6447.0
양품,6627.0
양품,6633.0
양품,6513.0
양품,6420.0
양품,6507.0
양품,6480.0
양품,6453.0
양품,6420.0
명점,6753.0
양품,6513.0
양품,6573.0
양품,6480.0
양품,6540.0
양품,6573.0
양품,6600.0
양품,6513.0
양품,6480.0
양품,6507.0
양품,6507.0
명점,6750.0
양품,6447.0
명점,6687.0
명점,6480.0
양품,6447.0
양품,6420.0
양품,6513.0
명점,6447.0
양품,6453.0
양품,6633.0
양품,6480.0
양품,6567.0
양품,6453.0
양품,6447.0
양품,6447.0
양품,6453.0
양품,6513.0
양품,6480.0
양품,6567.0
양품,6447.0
명점,6507.0
양품,6453.0
양품,6480.0
양품,6420.0
양품,6480.0
양품,6420.0
명점,6540.0
양품,6480.0
명점,6573.0
양품,6510.0
양품,6453.0
양품,6507.0
양품,6507.0
양품,6420.0
양품,6780.0
양품,6480.0
양품,6600.0
양품,6480.0
양품,6507.0
양품,6513.0
양품,6510.0
양품,6480.0
양품,6507.0
양품,6480.0
양품,6567.0
명점,6567.0
양품,6480.0
양품,6507.0
양품,6447.0
양품,6447.0
양품,6600.0
양품,6453.0
양품,6480.0
양품,6447.0
양품,6420.0
양품,6420.0
양품,6540.0
양품,6447.0
양품,6453.0
양품,6513.0
명점,6753.0
양품,6480.0
양품,6447.0
양품,6453.0
양품,6480.0
양품,6480.0
양품,6420.0
명점,6447.0
양품,6480.0
양품,6573.0
양품,6453.0
양품,6510.0
명점,6600.0
양품,6420.0
양품,6480.0
양품,6420.0
양품,6453.0
양품,6453.0
양품,6453.0
양품,6480.0
양품,6480.0
양품,6480.0
양품,6480.0
양품,6453.0
양품,6540.0
양품,6480.0
양품,6567.0
양품,6507.0
양품,6513.0
양품,6420.0
양품,6573.0
양품,6480.0
양품,6447.0
양품,6507.0
명점,6480.0
양품,6453.0
양품,6540.0
양품,6540.0
양품,6633.0
양품,6453.0
명점,6627.0
양품,6480.0
양품,6453.0
양품,6420.0
양품,6507.0
명점,6420.0
양품,6480.0
양품,6447.0
양품,6420.0
양품,6447.0
양품,6453.0
양품,6513.0
명점,6447.0
양품,6480.0
양품,6600.0
양품,6600.0
양품,6447.0
양품,6567.0
양품,6600.0
양품,6447.0
명점,6447.0
양품,6513.0
양품,6453.0
양품,6480.0
양품,6420.0
양품,6540.0
명점,8967.0
양품,6540.0
양품,6540.0
양품,6540.0
양품,6540.0
양품,6453.0
양품,6600.0
양품,6453.0
양품,6513.0
양품,6420.0
양품,6567.0
양품,6453.0
명점,6453.0
양품,6447.0
양품,6567.0
양품,6600.0
양품,6480.0
양품,6480.0
양품,6453.0
양품,6453.0
명점,6480.0
양품,6540.0
양품,6507.0
양품,6627.0
양품,6540.0
양품,6447.0
양품,6453.0
양품,6507.0
양품,6453.0
양품,6480.0
명점,6453.0
양품,6513.0
양품,6513.0
양품,6420.0
양품,6420.0
양품,6573.0
양품,6600.0
양품,6540.0
양품,6507.0
양품,6420.0
양품,6453.0
양품,6447.0
양품,6453.0
양품,6600.0
명점,6447.0
양품,6600.0
양품,6540.0
양품,6480.0
양품,6540.0
양품,6480.0
명점,6453.0
양품,6573.0
양품,6480.0
양품,6573.0
명점,6660.0
양품,6453.0
양품,6540.0
양품,6447.0
양품,6600.0
양품,6507.0
명점,6753.0
양품,6420.0
양품,6600.0
양품,6480.0
양품,6447.0
양품,6540.0
양품,6480.0
양품,6507.0
양품,6633.0
명점,6633.0
양품,6453.0
양품,6633.0
양품,6480.0
양품,6453.0
양품,6420.0
명점,6447.0
양품,6453.0
양품,6447.0
양품,6540.0
양품,6480.0
양품,6507.0
양품,6507.0
양품,6480.0
명점,6507.0
양품,6480.0
양품,6573.0
양품,6453.0
양품,6420.0
명점,6633.0
양품,6420.0
양품,6453.0
양품,6567.0
명점,6480.0
명점,7260.0
양품,6513.0
양품,6480.0
양품,6420.0
명점,6600.0
양품,6540.0
양품,6567.0
양품,6447.0
양품,6447.0
양품,6513.0
양품,6447.0
양품,6513.0
양품,6600.0
양품,6453.0
양품,6597.0
명점,6447.0
양품,6507.0
양품,6480.0
양품,6393.0
양품,6600.0
명점,6513.0
양품,6480.0
명점,6420.0
양품,6480.0
양품,6480.0
양품,6597.0
양품,6480.0
양품,6540.0
양품,6513.0
양품,6507.0
양품,6480.0
양품,6480.0
양품,6480.0
양품,6600.0
양품,6453.0
양품,6567.0
양품,6453.0
양품,6447.0
양품,6507.0
명점,6567.0
양품,6480.0
양품,6480.0
양품,6480.0
양품,6480.0
양품,6567.0
명점,6513.0
양품,6420.0
양품,6447.0
양품,6447.0
양품,6453.0
명점,6540.0
양품,6480.0
양품,6480.0
양품,6447.0
양품,6453.0
양품,6513.0
명점,6753.0
양품,6480.0
양품,6453.0
양품,6480.0
양품,6600.0
양품,6480.0
양품,6540.0
양품,6540.0
양품,6447.0
양품,6600.0
양품,6453.0
명점,6573.0
양품,6447.0
양품,6453.0
양품,6453.0
양품,6480.0
양품,6573.0
양품,6453.0
양품,6453.0
양품,6540.0
양품,6453.0
양품,6507.0
양품,6540.0
양품,6420.0
양품,6480.0
명점,6507.0
양품,6573.0
양품,6507.0
양품,6480.0
양품,6540.0
명점,7260.0
양품,6453.0
양품,6507.0
양품,6573.0
양품,6567.0
양품,6480.0
양품,6600.0
양품,6540.0
양품,6633.0
양품,6420.0
양품,6453.0
양품,6507.0
양품,6453.0
양품,6660.0
명점,6447.0
양품,6480.0
양품,6480.0
양품,6480.0
명점,6513.0
양품,6447.0
명점,6447.0
양품,6480.0
양품,6507.0
양품,6627.0
양품,6453.0
양품,6480.0
양품,6453.0
명점,6507.0
양품,6480.0
양품,6447.0
양품,6480.0
양품,6507.0
양품,6480.0
양품,6480.0
명점,6693.0
양품,6567.0
양품,6480.0
양품,6600.0
양품,6420.0
양품,6453.0
양품,6453.0
양품,8973.0
양품,6453.0
양품,6420.0
양품,6480.0
양품,6633.0
양품,6480.0
양품,6480.0
양품,6453.0
양품,6480.0
명점,6420.0
양품,6513.0
양품,6480.0
양품,6660.0
명점,6480.0
양품,6453.0
양품,6600.0
명점,6453.0
양품,6480.0
명점,6453.0
양품,6633.0
양품,6453.0
명점,6453.0
양품,6600.0
양품,6420.0
양품,6513.0
양품,6480.0
양품,6567.0
양품,6447.0
명점,6693.0
양품,6627.0
양품,6447.0
명점,6447.0
양품,6480.0
양품,6447.0
양품,6633.0
양품,6420.0
양품,6420.0
양품,6447.0
양품,6453.0
양품,6453.0
양품,6480.0
양품,6480.0
명점,6513.0
양품,6453.0
양품,6447.0
양품,6600.0
양품,6540.0
명점,6540.0
양품,6540.0
양품,6630.0
양품,6453.0
양품,6633.0
양품,6540.0
양품,6420.0
명점,6420.0
양품,6567.0
양품,6633.0
양품,6480.0
양품,6480.0
양품,6420.0
양품,6453.0
양품,6600.0
양품,6453.0
양품,6480.0
양품,6480.0
양품,6420.0
양품,6453.0
양품,6480.0
양품,6507.0
양품,6573.0
양품,6600.0
명점,6633.0
양품,6420.0
양품,6540.0
명점,6453.0
양품,6480.0
양품,6420.0
명점,6447.0
양품,6447.0
양품,6420.0
양품,6420.0
양품,6507.0
양품,6507.0
명점,6420.0
양품,6453.0
양품,6453.0
양품,6480.0
양품,6453.0
양품,6480.0
양품,6480.0
양품,6447.0
양품,6507.0
양품,6480.0
양품,6447.0
양품,6480.0
양품,6447.0
양품,6480.0
양품,6453.0
양품,6513.0
양품,6453.0
양품,6480.0
양품,6447.0
양품,6453.0
양품,6453.0
양품,6447.0
양품,6453.0
양품,6540.0
양품,6480.0
양품,6420.0
명점,6747.0
양품,6420.0
양품,6480.0
명점,6513.0
양품,6447.0
명점,6540.0
양품,6453.0
양품,6567.0
양품,6447.0
양품,6600.0
양품,6453.0
양품,6600.0
양품,6447.0
양품,6513.0
양품,6480.0
양품,6480.0
양품,6567.0
양품,6480.0
양품,6540.0
양품,6453.0
양품,6453.0
양품,6453.0
양품,6447.0
명점,6513.0
양품,6447.0
양품,6420.0
양품,6507.0
양품,6453.0
양품,6513.0
양품,6513.0
명점,6480.0
양품,6480.0
양품,6420.0
양품,6480.0
양품,6480.0
양품,6480.0
양품,6480.0
양품,6480.0
양품,6420.0
양품,6420.0
양품,6480.0
양품,6453.0
양품,6507.0
양품,6447.0
양품,6453.0
양품,6447.0
양품,6453.0
명점,7080.0
양품,6447.0
양품,6600.0
양품,6573.0
양품,6567.0
양품,6420.0
양품,6480.0
양품,6453.0
양품,6420.0
양품,6420.0
양품,6480.0
양품,6447.0
양품,6480.0
양품,6480.0
양품,6540.0
양품,6453.0
양품,6600.0
양품,6633.0
양품,6447.0
명점,6507.0
양품,6447.0
양품,6513.0
양품,6420.0
양품,6507.0
양품,6480.0
명점,6420.0
양품,6480.0
양품,6453.0
양품,6480.0
양품,6627.0
양품,6447.0
양품,6480.0
명점,6507.0
양품,6480.0
양품,6447.0
양품,6600.0
양품,6513.0
양품,6420.0
양품,6573.0
양품,6660.0
양품,6447.0
양품,6480.0
명점,6480.0
양품,6480.0
양품,6447.0
양품,6480.0
양품,6453.0
양품,6513.0
양품,6507.0
양품,6480.0
양품,6600.0
양품,6420.0
명점,6720.0
양품,6453.0
양품,6453.0
양품,6447.0
명점,6513.0
양품,6633.0
양품,6447.0
양품,6420.0
명점,6480.0
양품,6447.0
양품,6453.0
양품,6600.0
양품,6447.0
양품,6420.0
양품,6420.0
양품,6480.0
양품,6633.0
양품,6420.0
양품,6480.0
양품,6513.0
양품,6633.0
명점,6420.0
명점,6447.0
양품,6627.0
양품,6480.0
양품,6540.0
양품,6573.0
양품,6540.0
양품,6447.0
양품,6480.0
양품,6480.0
양품,6480.0
양품,6453.0
양품,6420.0
양품,6453.0
양품,6453.0
양품,6453.0
명점,6480.0
양품,6507.0
양품,6507.0
양품,6480.0
명점,6420.0
양품,6513.0
양품,6600.0
양품,6573.0
양품,6513.0
양품,6480.0
양품,6510.0
양품,6573.0
양품,6480.0
양품,6420.0
양품,6513.0
양품,6453.0
명점,6813.0
명점,6627.0
양품,6480.0
양품,6453.0
명점,6420.0
양품,6480.0
양품,6660.0
양품,6420.0
양품,6600.0
명점,6420.0
양품,6453.0
양품,6453.0
양품,6447.0
양품,6540.0
양품,6513.0
명점,6567.0
양품,6480.0
양품,6480.0
양품,6480.0
양품,6453.0
양품,6447.0
양품,6453.0
명점,6513.0
양품,6507.0
양품,6567.0
양품,6420.0
명점,6540.0
양품,6420.0
양품,6573.0
양품,6453.0
양품,6633.0
양품,6453.0
양품,6447.0
양품,6447.0
양품,6573.0
명점,6633.0
양품,6453.0
양품,6540.0
양품,6447.0
양품,6507.0
양품,6600.0
양품,6480.0
양품,6507.0
양품,6540.0
양품,6420.0
양품,6480.0
양품,6447.0
양품,6573.0
양품,6633.0
양품,6627.0
양품,6480.0
양품,6480.0
양품,6480.0
양품,6447.0
명점,7260.0
양품,6447.0
양품,6507.0
양품,6480.0
양품,6447.0
양품,6447.0
양품,6480.0
양품,6513.0
양품,6480.0
양품,6420.0
양품,6420.0
양품,6513.0
양품,6447.0
양품,6600.0
양품,6480.0
양품,6513.0
양품,6447.0
양품,6507.0
명점,6420.0
양품,8973.0
양품,6453.0
양품,6447.0
양품,6453.0
양품,6453.0
양품,6573.0
양품,6513.0
양품,6627.0
명점,6807.0
양품,6480.0
양품,6453.0
양품,6600.0
명점,6447.0
양품,6453.0
양품,6567.0
양품,6480.0
양품,6480.0
양품,6453.0
양품,6507.0
양품,6447.0
양품,6420.0
양품,6447.0
양품,6453.0
양품,6447.0
양품,6513.0
양품,6507.0
양품,6447.0
양품,6453.0
양품,6480.0
양품,6513.0
명점,6513.0
양품,6453.0
명점,6720.0
양품,6540.0
명점,6660.0
양품,6447.0
양품,6600.0
명점,6447.0
양품,6453.0
양품,6453.0
양품,6507.0
양품,6480.0
명점,6453.0
양품,6480.0
양품,6480.0
양품,6453.0
양품,6453.0
양품,6513.0
양품,6513.0
양품,6480.0
양품,6480.0
명점,6447.0
양품,6447.0
양품,6393.0
양품,6447.0
명점,6420.0
양품,6420.0
양품,6447.0
양품,6507.0
양품,6447.0
양품,6480.0
명점,6693.0
양품,6447.0
양품,6633.0
양품,6480.0
양품,6420.0
양품,6453.0
양품,6420.0
양품,6507.0
양품,6480.0
양품,6447.0
양품,6573.0
양품,6513.0
양품,6513.0
양품,6513.0
양품,6420.0
양품,6507.0
양품,6507.0
양품,6573.0
양품,6447.0
양품,6600.0
양품,6507.0
양품,6567.0
양품,6453.0
양품,6420.0
양품,6453.0
명점,6453.0
양품,6480.0
양품,6480.0
양품,6600.0
명점,6507.0
양품,6447.0
양품,6420.0
양품,6453.0
양품,6633.0
양품,6573.0
양품,6453.0
양품,6453.0
양품,6447.0
양품,6480.0
양품,6633.0
양품,6453.0
양품,6480.0
양품,6633.0
양품,6480.0
명점,6447.0
양품,6480.0
양품,6420.0
양품,6507.0
양품,6480.0
양품,6507.0
양품,6420.0
양품,6480.0
양품,6480.0
양품,6507.0
양품,6453.0
양품,6573.0
양품,6540.0
양품,6600.0
양품,6573.0
양품,6420.0
양품,6573.0
양품,6513.0
양품,6600.0
양품,6480.0
양품,6480.0
양품,6480.0
양품,6540.0
양품,6513.0
명점,6447.0
양품,6480.0
양품,6447.0
명점,6747.0
양품,6507.0
양품,6507.0
양품,6453.0
양품,6453.0
양품,6447.0
명점,6507.0
양품,6420.0
명점,6567.0
양품,6420.0
양품,6507.0
명점,6480.0
양품,6480.0
양품,6447.0
명점,6513.0
양품,8967.0
명점,6807.0
양품,6447.0
양품,6573.0
양품,6480.0
양품,6480.0
양품,6507.0
양품,6480.0
양품,6480.0
양품,6480.0
명점,6513.0
양품,6420.0
양품,6420.0
양품,6447.0
양품,6420.0
양품,6540.0
양품,6513.0
명점,6480.0
양품,6513.0
양품,6600.0
양품,6447.0
양품,6420.0
양품,6480.0
양품,6480.0
양품,6447.0
명점,6480.0
명점,6840.0
양품,6480.0
양품,6447.0
양품,6573.0
양품,6513.0
양품,6453.0
명점,6513.0
양품,6507.0
양품,6480.0
양품,6480.0
양품,6513.0
명점,6447.0
양품,6420.0
양품,6480.0
양품,6480.0
양품,6453.0
명점,6480.0
양품,6540.0
양품,6600.0
양품,6480.0
양품,6540.0
양품,6540.0
양품,6447.0
양품,6480.0
명점,6573.0
양품,8973.0
양품,6540.0
양품,6513.0
양품,6453.0
양품,6600.0
양품,6480.0
양품,6447.0
양품,6507.0
양품,6507.0
양품,6420.0
양품,6537.0
양품,6447.0
양품,6453.0
양품,6480.0
양품,6480.0
양품,6600.0
양품,6597.0
양품,6513.0
양품,6447.0
양품,6453.0
양품,6507.0
양품,6480.0
양품,6600.0
양품,6447.0
양품,6480.0
양품,6480.0
명점,6627.0
양품,6507.0
양품,6573.0
양품,6480.0
양품,6480.0
양품,6480.0
양품,6660.0
양품,6480.0
명점,6840.0
양품,6420.0
양품,6453.0
명점,6600.0
양품,6453.0
명점,6480.0
양품,6480.0
양품,6573.0
양품,6480.0
양품,6480.0
양품,6600.0
명점,6510.0
양품,6453.0
양품,6600.0
양품,6453.0
양품,6420.0
양품,6453.0
양품,6420.0
명점,6453.0
양품,6453.0
양품,6540.0
양품,6420.0
양품,6600.0
양품,6480.0
양품,6453.0
양품,6480.0
양품,6420.0
양품,6480.0
양품,6420.0
양품,6447.0
양품,6513.0
명점,6507.0
양품,6447.0
양품,6453.0
양품,6453.0
양품,6480.0
양품,6453.0
양품,6420.0
양품,6600.0
명점,6633.0
양품,6627.0
양품,6480.0
양품,6420.0
양품,6453.0
양품,6447.0
양품,6480.0
양품,6453.0
명점,6453.0
양품,6513.0
양품,6540.0
양품,6453.0
양품,6600.0
양품,6453.0
양품,6447.0
양품,6480.0
양품,6453.0
명점,6513.0
양품,6600.0
양품,6420.0
양품,6447.0
양품,6573.0
양품,6420.0
양품,6507.0
양품,6420.0
양품,6540.0
양품,6447.0
양품,6453.0
양품,6513.0
명점,6753.0
양품,6480.0
양품,6447.0
양품,6453.0
양품,6480.0
양품,6480.0
양품,6420.0
명점,6447.0
양품,6480.0
양품,6573.0
양품,6453.0
양품,6510.0
명점,6600.0
양품,6420.0
양품,6480.0
양품,6420.0
양품,6453.0
양품,6453.0
양품,6453.0
양품,6480.0
명점,6480.0
양품,6480.0
양품,6480.0
양품,6453.0
양품,6540.0
명점,6513.0
양품,6567.0
양품,6507.0
양품,6513.0
양품,6420.0
명점,6573.0
양품,6480.0
양품,6447.0
명점,6447.0
양품,6480.0
양품,6600.0
양품,6600.0
양품,6447.0
양품,6567.0
양품,6600.0
양품,6447.0
명점,6447.0
양품,6513.0
양품,6453.0
양품,6480.0
양품,6420.0
양품,6540.0
명점,8967.0
양품,6540.0
양품,6540.0
양품,6540.0
양품,6540.0
양품,6453.0
양품,6447.0
양품,6453.0
양품,6507.0
양품,6453.0
양품,6480.0
명점,6453.0
양품,6513.0
양품,6513.0
양품,6420.0
양품,6420.0
양품,6573.0
양품,6600.0
양품,6540.0
양품,6507.0
양품,6420.0
양품,6453.0
양품,6447.0
양품,6453.0
양품,6480.0
양품,6447.0
양품,6540.0
양품,6480.0
양품,6507.0
양품,6633.0
명점,6633.0
양품,6453.0
양품,6633.0
양품,6480.0
양품,6453.0
양품,6420.0
명점,6447.0
양품,6453.0
양품,6447.0
양품,6540.0
양품,6480.0
양품,6507.0
양품,6507.0
양품,6480.0
명점,6507.0
양품,6480.0
양품,6573.0
양품,6453.0
양품,6420.0
명점,6633.0
양품,6420.0
양품,6453.0
양품,6567.0
명점,6480.0
명점,7260.0
양품,6513.0
양품,6480.0
양품,6420.0
명점,6600.0
양품,6540.0
양품,6567.0
양품,6447.0
양품,6447.0
양품,6513.0
양품,6447.0
양품,6513.0
양품,6600.0
양품,6453.0
양품,6393.0
명점,6447.0
양품,6507.0
양품,6480.0
양품,6393.0
양품,6600.0
양품,6513.0
양품,6480.0
명점,6420.0
양품,6480.0
양품,6480.0
양품,6597.0
양품,6480.0
양품,6540.0
양품,6513.0
양품,6507.0
양품,6480.0
양품,6480.0
양품,6480.0
양품,6600.0
양품,6453.0
양품,6567.0
명점,6513.0
양품,6447.0
양품,6507.0
양품,6567.0
양품,6480.0
양품,6480.0
양품,6480.0
양품,6480.0
양품,6567.0
명점,6513.0
양품,6420.0
양품,6447.0
양품,6447.0
양품,6453.0
양품,6540.0
양품,6480.0
양품,6480.0
양품,6447.0
양품,6453.0
양품,6513.0
명점,6753.0
양품,6480.0
양품,6453.0
양품,6480.0
양품,6600.0
양품,6480.0
양품,6540.0
양품,6540.0
양품,6447.0
양품,6600.0
양품,6453.0
양품,6573.0
양품,6447.0
양품,6453.0
양품,6453.0
양품,6480.0
양품,6573.0
양품,6453.0
양품,6453.0
양품,6540.0
양품,6453.0
양품,6507.0
양품,6540.0
양품,6420.0
양품,6480.0
양품,6507.0
양품,6573.0
양품,6507.0
양품,6480.0
양품,6540.0
명점,7260.0
양품,6453.0
양품,6507.0
양품,6573.0
양품,6567.0
명점,6480.0
양품,6600.0
양품,6540.0
양품,6633.0
양품,6420.0
양품,6453.0
명점,6507.0
양품,6453.0
양품,6660.0
명점,6447.0
양품,6480.0
양품,6480.0
양품,6480.0
명점,6513.0
양품,6447.0
명점,6447.0
양품,6480.0
양품,6507.0
양품,6627.0
양품,6453.0
양품,6480.0
양품,6453.0
명점,6507.0
양품,6480.0
양품,6447.0
양품,6480.0
양품,6507.0
양품,6480.0
양품,6480.0
명점,6693.0
양품,6567.0
양품,6480.0
양품,6600.0
양품,6420.0
양품,6453.0
양품,6453.0
양품,8973.0
양품,6453.0
양품,6420.0
양품,6480.0
양품,6633.0
양품,6480.0
양품,6480.0
양품,6453.0
양품,6480.0
양품,6420.0
양품,6513.0
양품,6480.0
양품,6660.0
양품,6480.0
양품,6453.0
양품,6600.0
명점,6453.0
양품,6480.0
명점,6453.0
양품,6633.0
양품,6453.0
양품,6453.0
양품,6600.0
양품,6420.0
양품,6513.0
양품,6480.0
양품,6567.0
양품,6447.0
명점,6693.0
양품,6627.0
양품,6447.0
명점,6447.0
양품,6480.0
양품,6447.0
양품,6633.0
양품,6420.0
양품,6420.0
양품,6447.0
양품,6453.0
양품,6453.0
양품,6480.0
양품,6480.0
명점,6513.0
양품,6453.0
양품,6447.0
양품,6600.0
양품,6540.0
명점,6540.0
양품,6540.0
양품,6630.0
양품,6453.0
양품,6633.0
양품,6540.0
양품,6420.0
명점,6420.0
양품,6567.0
양품,6633.0
양품,6480.0
양품,6480.0
양품,6420.0
양품,6453.0
양품,6600.0
양품,6453.0
양품,6480.0
양품,6480.0
양품,6420.0
양품,6453.0
양품,6480.0
양품,6507.0
양품,6573.0
양품,6600.0
명점,6633.0
양품,6420.0
양품,6540.0
명점,6453.0
양품,6480.0
양품,6420.0
양품,6447.0
양품,6447.0
양품,6420.0
양품,6420.0
양품,6507.0
양품,6507.0
양품,6420.0
양품,6453.0
양품,6453.0
양품,6480.0
양품,6453.0
명점,6480.0
양품,6480.0
양품,6447.0
양품,6507.0
명점,6480.0
양품,6447.0
양품,6480.0
양품,6447.0
양품,6480.0
양품,6453.0
명점,6513.0
양품,6453.0
양품,6480.0
양품,6447.0
양품,6453.0
양품,6453.0
양품,6447.0
양품,6453.0
양품,6540.0
양품,6480.0
양품,6420.0
명점,6747.0
양품,6420.0
양품,6480.0
명점,6513.0
양품,6447.0
명점,6540.0
양품,6453.0
양품,6567.0
양품,6447.0
양품,6600.0
양품,6453.0
양품,6600.0
양품,6447.0
양품,6513.0
양품,6480.0
양품,6480.0
양품,6567.0
양품,6480.0
양품,6540.0
양품,6453.0
양품,6453.0
명점,6453.0
양품,6447.0
명점,6513.0
양품,6447.0
양품,6420.0
양품,6507.0
양품,6453.0
양품,6513.0
양품,6513.0
명점,6480.0
양품,6480.0
양품,6420.0
명점,6480.0
양품,6480.0
양품,6480.0
양품,6480.0
양품,6480.0
양품,6420.0
양품,6420.0
양품,6480.0
양품,6453.0
양품,6507.0
양품,6447.0
양품,6453.0
양품,6513.0
양품,6453.0
명점,7080.0
양품,6447.0
양품,6600.0
양품,6573.0
양품,6567.0
양품,6420.0
양품,6480.0
양품,6453.0
양품,6420.0
양품,6420.0
명점,6480.0
양품,6447.0
양품,6480.0
양품,6480.0
양품,6540.0
양품,6453.0
양품,6600.0
양품,6633.0
양품,6447.0
명점,6507.0
양품,6447.0
양품,6513.0
양품,6420.0
양품,6507.0
양품,6480.0
양품,6420.0
양품,6480.0
양품,6453.0
양품,6480.0
양품,6627.0
명점,6447.0
양품,6480.0
양품,6507.0
명점,6480.0
양품,6447.0
양품,6600.0
양품,6513.0
양품,6420.0
양품,6573.0
양품,6660.0
양품,6447.0
양품,6480.0
명점,6480.0
양품,6480.0
양품,6447.0
양품,6480.0
양품,6453.0
양품,6513.0
양품,6507.0
양품,6480.0
양품,6600.0
양품,6420.0
명점,6720.0
양품,6453.0
양품,6453.0
양품,6447.0
명점,6513.0
양품,6633.0
양품,6447.0
양품,6420.0
명점,6480.0
양품,6447.0
양품,6453.0
양품,6600.0
명점,6447.0
양품,6420.0
양품,6420.0
양품,6480.0
양품,6633.0
양품,6420.0
양품,6480.0
양품,6513.0
양품,6633.0
명점,6420.0
명점,6447.0
양품,6627.0
양품,6480.0
양품,6540.0
양품,6573.0
양품,6540.0
양품,6447.0
양품,6480.0
양품,6480.0
양품,6480.0
양품,6453.0
양품,6420.0
양품,6453.0
양품,6453.0
양품,6453.0
양품,6480.0
명점,6507.0
양품,6507.0
양품,6480.0
명점,6420.0
양품,6513.0
양품,6600.0
양품,6573.0
양품,6513.0
양품,6480.0
양품,6510.0
양품,6573.0
양품,6480.0
양품,6420.0
양품,6513.0
양품,6453.0
명점,6813.0
명점,6627.0
양품,6480.0
양품,6453.0
명점,6420.0
양품,6480.0
양품,6660.0
양품,6420.0
양품,6600.0
명점,6420.0
양품,6453.0
양품,6453.0
양품,6447.0
명점,6540.0
양품,6513.0
양품,6567.0
양품,6480.0
양품,6480.0
양품,6480.0
명점,6453.0
양품,6447.0
양품,6453.0
양품,6480.0
양품,6507.0
양품,6567.0
명점,6420.0
양품,6540.0
양품,6420.0
양품,6573.0
양품,6453.0
양품,6633.0
양품,6453.0
명점,6447.0
양품,6447.0
양품,6573.0
명점,6633.0
양품,6453.0
양품,6540.0
양품,6447.0
양품,6507.0
양품,6600.0
양품,6480.0
양품,6507.0
양품,6540.0
명점,6420.0
양품,6480.0
양품,6447.0
양품,6573.0
양품,6633.0
양품,6627.0
명점,6480.0
양품,6480.0
양품,6480.0
양품,6447.0
명점,7260.0
양품,6447.0
양품,6507.0
양품,6480.0
명점,6447.0
양품,6447.0
양품,6480.0
양품,6513.0
명점,6480.0
양품,6420.0
양품,6420.0
양품,6513.0
양품,6447.0
양품,6600.0
양품,6480.0
양품,6513.0
양품,6447.0
양품,6507.0
양품,6420.0
양품,8973.0
양품,6453.0
양품,6447.0
양품,6453.0
양품,6453.0
양품,6573.0
양품,6513.0
양품,6627.0
명점,6807.0
양품,6480.0
양품,6453.0
명점,6600.0
양품,6447.0
양품,6453.0
양품,6567.0
양품,6480.0
명점,6480.0
양품,6453.0
양품,6507.0
양품,6447.0
명점,6420.0
양품,6447.0
양품,6453.0
양품,6447.0
양품,6513.0
명점,6507.0
양품,6447.0
명점,6453.0
양품,6480.0
양품,6513.0
명점,6513.0
양품,6453.0
명점,6720.0
양품,6540.0
명점,6660.0
양품,6447.0
양품,6600.0
명점,6447.0
양품,6453.0
양품,6453.0
양품,6507.0
양품,6480.0
양품,6453.0
양품,6480.0
양품,6480.0
양품,6453.0
양품,6453.0
양품,6513.0
양품,6513.0
양품,6480.0
양품,6480.0
양품,6447.0
양품,6447.0
양품,6393.0
양품,6447.0
명점,6420.0
양품,6420.0
양품,6447.0
양품,6507.0
양품,6447.0
양품,6480.0
명점,6693.0
양품,6447.0
양품,6633.0
양품,6480.0
양품,6420.0
양품,6453.0
명점,6420.0
양품,6507.0
양품,6480.0
양품,6447.0
양품,6573.0
양품,6513.0
명점,6513.0
양품,6513.0
양품,6420.0
양품,6507.0
양품,6507.0
양품,6573.0
양품,6447.0
양품,6600.0
양품,6507.0
명점,6567.0
양품,6453.0
양품,6420.0
양품,6453.0
명점,6453.0
양품,6480.0
양품,6480.0
양품,6600.0
명점,6507.0
양품,6447.0
양품,6420.0
양품,6453.0
양품,6633.0
명점,6573.0
양품,6453.0
양품,6453.0
양품,6447.0
양품,6480.0
양품,6633.0
양품,6453.0
양품,6480.0
명점,6633.0
양품,6480.0
양품,6447.0
양품,6480.0
양품,6420.0
양품,6507.0
양품,6480.0
양품,6507.0
양품,6420.0
양품,6480.0
양품,6480.0
양품,6507.0
양품,6453.0
양품,6573.0
양품,6540.0
명점,6507.0
양품,6420.0
명점,6567.0
양품,6420.0
양품,6507.0
명점,6480.0
양품,6480.0
양품,6447.0
명점,6513.0
양품,8967.0
명점,6807.0
양품,6447.0
양품,6573.0
양품,6480.0
양품,6480.0
양품,6507.0
양품,6480.0
양품,6480.0
양품,6480.0
양품,6480.0
양품,6420.0
양품,6420.0
양품,6447.0
양품,6420.0
양품,6540.0
양품,6513.0
양품,6480.0
양품,6513.0
양품,6600.0
양품,6447.0
양품,6420.0
양품,6480.0
양품,6480.0
양품,6447.0
명점,6480.0
명점,6840.0
양품,6480.0
양품,6447.0
양품,6573.0
양품,6513.0
양품,6453.0
양품,6513.0
양품,6507.0
명점,6513.0
양품,6480.0
양품,6513.0
양품,6447.0
양품,6420.0
양품,6480.0
양품,6480.0
양품,6453.0
양품,6480.0
양품,6540.0
명점,6600.0
양품,6480.0
양품,6540.0
양품,6540.0
양품,6447.0
양품,6480.0
명점,6573.0
양품,8973.0
양품,6540.0
양품,6513.0
양품,6453.0
양품,6600.0
양품,6480.0
양품,6447.0
양품,6507.0
양품,6507.0
양품,6420.0
양품,6537.0
양품,6447.0
양품,6453.0
양품,6480.0
양품,6480.0
양품,6600.0
양품,6597.0
양품,6513.0
양품,6447.0
양품,6453.0
양품,6507.0
양품,6480.0
양품,6600.0
양품,6447.0
양품,6480.0
양품,6480.0
양품,6627.0
양품,6507.0
양품,6573.0
명점,6480.0
양품,6480.0
양품,6480.0
양품,6660.0
양품,6480.0
명점,6840.0
양품,6420.0
양품,6453.0
명점,6600.0
양품,6453.0
양품,6480.0
양품,6480.0
양품,6573.0
양품,6480.0
양품,6480.0
양품,6600.0
양품,6510.0
양품,6453.0
양품,6600.0
명점,6453.0
양품,6420.0
양품,6453.0
양품,6420.0
양품,6453.0
양품,6453.0
양품,6540.0
양품,6420.0
양품,6600.0
양품,6480.0
양품,6453.0
양품,6480.0
양품,6420.0
양품,6480.0
양품,6420.0
양품,6447.0
양품,6513.0
명점,6507.0
양품,6447.0
양품,6453.0
양품,6453.0
명점,6480.0
양품,6453.0
양품,6420.0
양품,6600.0
명점,6633.0
양품,6627.0
양품,6480.0
양품,6420.0
양품,6600.0
명점,6447.0
양품,6600.0
양품,6540.0
양품,6480.0
양품,6540.0
양품,6480.0
명점,6453.0
양품,6573.0
양품,6480.0
양품,6573.0
명점,6660.0
양품,6453.0
양품,6540.0
양품,6447.0
양품,6600.0
양품,6507.0
명점,6753.0
양품,6420.0
양품,6600.0
양품,6453.0
명점,6447.0
양품,6480.0
양품,6453.0
양품,6453.0
양품,6513.0
양품,6540.0
양품,6453.0
명점,6600.0
양품,6453.0
양품,6447.0
양품,6480.0
양품,6453.0
명점,6513.0
양품,6600.0
양품,6420.0
양품,6447.0
양품,6573.0
양품,6420.0
양품,6507.0
양품,6600.0
양품,6573.0
양품,6420.0
양품,6573.0
양품,6513.0
명점,6600.0
양품,6480.0
양품,6480.0
양품,6480.0
양품,6540.0
양품,6513.0
명점,6447.0
양품,6480.0
양품,6447.0
명점,6747.0
양품,6507.0